date,NoDur,Durbl,Manuf,Enrgy,HiTec,Telcm,Shops,Hlth ,Utils,Other,Risk-free rate
192607,1.45,15.55,4.69,-1.18,2.9,0.83,0.11,1.77,7.04,2.16,0.22
192608,3.97,3.68,2.81,3.47,2.66,2.17,-0.71,4.25,-1.69,4.38,0.25
192609,1.14,4.8,1.15,-3.39,-0.38,2.41,0.21,0.69,2.04,0.29,0.23
192610,-1.24,-8.23,-3.63,-0.78,-4.58,-0.11,-2.29,-0.57,-2.63,-2.85,0.32
192611,5.21,-0.19,4.1,0.01,4.71,1.63,6.43,5.42,3.71,2.11,0.31
192612,0.82,9.89,3.74,2.82,-0.02,1.99,0.62,0.11,-0.17,3.4,0.28
192701,-0.67,-0.92,-0.08,1.29,-1.13,1.88,-2.55,5.05,-1.79,1.51,0.25
192702,3.37,8.91,5.81,1.47,4.45,3.97,3.61,1.71,4.53,5.06,0.26
192703,2.73,1.62,1.43,-6.01,1.45,5.56,-0.41,1.01,0.37,1.27,0.3
192704,3.35,3.15,0.77,-5.17,5.4,-2.13,4.46,2.74,1.71,0.86,0.25
192705,8.14,5.93,5.07,4.82,7.37,3.35,2.34,4.12,9.21,6.43,0.3
192706,-1.79,-3,-2.77,-3.16,3.28,-2.14,-0.62,0.54,-3.57,-2.11,0.26
192707,4.81,13.09,12.07,2.85,12.16,3.73,9.84,9.84,5.31,6.09,0.3
192708,2.76,6.98,2.89,-0.04,5.71,0.43,7.34,0.28,3.43,-1.06,0.28
192709,5.24,5.67,4.76,3.32,1.21,6.53,7.5,5.65,8.29,4.6,0.21
192710,-0.8,-4.38,-6.69,-2.04,-7.23,-2.09,-4.93,5.13,-4.34,-3.79,0.25
192711,6.83,6.39,10.84,4.16,10.8,2.83,11.67,3.68,6.32,4.5,0.21
192712,2.47,7.77,3.08,0.89,1.22,1.33,-0.68,-0.46,2.24,1.98,0.22
192801,0.52,-3.34,-0.58,-1.86,-0.39,0.3,-0.88,2.69,5.87,-0.99,0.25
192802,-4.18,1.26,-1.88,-0.22,-0.46,-0.3,-1.12,-1.38,-0.68,-2,0.33
192803,4.41,27.49,8.19,5.32,19.42,1.96,8.49,10.54,6.62,6.09,0.29
192804,-0.46,1.46,1.5,15.12,2.23,3.22,0,2.35,10.94,4.22,0.22
192805,0.9,5.65,3.53,-5.29,2.3,6.61,3.79,9.27,1.51,0.01,0.32
192806,-4.41,-4.08,-4.93,-4.07,-5.03,-5.22,-3.4,-3.15,-3.43,-4.27,0.31
192807,1.68,0.94,1.99,1.05,0.65,-1.28,5.44,2.39,-1.24,-0.36,0.32
192808,6.11,9.04,8.67,2.41,9.75,4.55,13.53,14.57,6.46,4.75,0.32
192809,1.14,7.88,4.17,5.34,0.66,0.15,0.17,-1.14,3.76,1.98,0.27
192810,0.9,0.08,4.33,2.04,1.85,2.97,5.9,0.05,-1.89,-0.42,0.41
192811,6.62,4.51,13.08,17.23,19.56,6.68,15.29,5.05,21.93,10.02,0.38
192812,-0.52,-1.22,3.08,-4.36,7.13,-0.38,-1.32,-0.41,1.57,0.45,0.06
192901,3.38,1.3,11.02,-7.59,10.46,13.38,-3.88,3.43,13.17,5.59,0.34
192902,-2.62,-0.03,3.4,-0.1,-0.71,-1.15,-2.41,0.05,-1.99,0.02,0.36
192903,-4.62,-1.88,-1.83,11.03,4.5,4.29,-5.13,-1.5,-3.17,-2.16,0.34
192904,1.8,-0.98,2.3,0.74,1.78,3.39,3.75,1.48,5.13,0.44,0.36
192905,-3.98,-15.05,-9.79,-5.57,0.33,-8.77,-8.65,-7.84,4.8,0.03,0.44
192906,5.32,7.01,13.28,1.14,17.18,13.7,9.47,4.52,23.47,5.73,0.52
192907,3.23,-2.95,4.05,0.16,9.24,13.68,0.96,2.59,9.14,6.61,0.33
192908,4.77,3,9.34,11.36,12.54,10.98,7.8,3.09,9.05,7.82,0.4
192909,-3.6,-8.35,-7.17,-2.95,-7.56,-1.37,-5.38,-7.02,1.32,-6.44,0.35
192910,-10.64,-28.94,-19.61,-10.07,-27.73,-15.39,-24,-18.02,-30.04,-11.88,0.46
192911,-8.45,-17.31,-14.13,-6.42,-19.24,-9.47,-12.59,-7.9,-14.64,-9.58,0.37
192912,0.7,4.9,1.5,-1.18,10.78,1.01,-5.98,1.11,7.94,-0.49,0.37
193001,5.7,5.95,6.9,-0.76,10.61,1.2,4.73,2.55,7.25,4.76,0.14
193002,2.15,2.44,2.14,-4.49,7.75,7.06,-5.13,3.15,8.57,3.29,0.3
193003,2.12,11.37,6.89,17.94,8.12,8.79,-2.44,5.99,9.72,4.79,0.35
193004,0.55,-7.81,-7.42,6.55,1.97,-4.52,2.6,-1.27,3.34,-6.55,0.21
193005,1.36,4.12,-1.78,-3.73,-4.4,0.4,-0.16,-1.49,-1.33,-0.93,0.26
193006,-11.04,-22.27,-16.46,-15.47,-19.74,-8.34,-16.15,-13.34,-19.06,-11.82,0.27
193007,3.14,12.1,4.75,5.18,4.07,1.27,2.7,6.52,4.06,3.46,0.2
193008,1.98,-1.89,-0.06,-3.2,2.21,1.74,4.96,7.71,1.18,-0.36,0.09
193009,-8.96,-16.73,-13.7,-15.46,-18.24,-5.27,-10.91,-8.7,-11.92,-10.56,0.22
193010,-4.85,-11.64,-9.91,-8.37,-17.35,-4.12,-8.61,-4.37,-8.28,-8.43,0.09
193011,0.18,5.37,-0.42,-3.72,-3.26,-3.27,2.74,-3.23,-8.74,-5.17,0.13
193012,-4.59,-1.26,-8.21,-12.32,-10.76,-3.8,-13.44,-6.79,-3.69,-8.81,0.14
193101,5.4,8.02,3.47,5.31,5.24,4.79,7.19,8.23,5.53,11.83,0.15
193102,6.81,17.37,12.85,5.77,22.38,5.95,14.79,7.81,15.27,5.52,0.04
193103,-1.69,-3.81,-6.77,-14.26,-7.76,-3.58,-3.27,1.8,-2.94,-9.41,0.13
193104,-5.29,-7.87,-14.15,-13.45,-13.04,-4.25,-4.84,-3.62,-9.04,-9.88,0.08
193105,-11.01,-16.08,-16.42,-12.54,-12.92,-8.94,-3.27,-10.26,-11.15,-17.44,0.09
193106,10.73,14.63,17.38,17.57,18.69,10.21,7.86,9.69,11,16.34,0.08
193107,-3.81,-2.1,-10.23,-3.63,-10.38,-4.87,-1.53,2.61,-5.39,-9.91,0.06
193108,-0.65,-2.78,-0.15,9.48,3.71,0.82,3.02,0.39,-1.74,-3.9,0.03
193109,-24.69,-34.8,-29.82,-29.84,-33.87,-21.56,-30.24,-29.45,-33.05,-26.5,0.03
193110,6.89,12.96,6.18,14.02,11.3,4.34,13.97,11.26,10.48,1.88,0.1
193111,-4.35,-3.49,-8.31,-8.69,-14.16,-6.86,-9.4,-2.79,-4.77,-19.2,0.17
193112,-9.51,-8.78,-15.33,-18.91,-13.54,-7.94,-15.17,-4.1,-13.24,-16.48,0.12
193201,2.06,-6.9,-0.5,-4.86,-11.42,-4.04,0.79,-2.66,-2.52,6.71,0.23
193202,5.37,2.09,5.96,8.75,6.28,11.63,4.11,2.05,7.04,-0.19,0.23
193203,-5.98,-22.18,-14.36,-1.1,-14.41,-9.9,-9.27,-6.41,-9.57,-15.99,0.16
193204,-11.35,-29.53,-22.95,-13.94,-24.17,-12.39,-15.71,-19.77,-15.5,-22.34,0.11
193205,-21.22,-18.59,-18.23,-5.56,-28.6,-10.81,-29.4,-34.08,-26.82,-30.03,0.06
193206,1.16,-7.82,-2.57,5.94,6.99,-9.55,-0.59,11.05,1.45,-2.01,0.02
193207,24.7,44.95,41.74,35.13,44.2,16.7,27.11,29.18,29.35,55.78,0.03
193208,22.71,45.25,46.41,19.49,45.64,28.17,32.91,35.87,43.46,58.75,0.03
193209,-0.86,8.5,-2.45,-10.16,-5.6,0.24,3.06,-11.92,-4.65,-4.13,0.03
193210,-11.41,-24.75,-15.83,-3.79,-19.04,-8.13,-12.68,-18.56,-10.82,-18.01,0.02
193211,-7.1,-2.71,-10.3,-4.53,-8.25,-1.12,-5.61,5.53,-3.6,-6.88,0.02
193212,3.81,4.47,3.25,0.05,7.53,3.67,5,6.82,9.12,4.9,0.01
193301,4.65,0.83,3.42,-3.01,1.43,0.31,-2.4,-1.13,-4.38,8.54,0.01
193302,-9.06,-24.48,-17.53,-13.9,-20.09,-7.77,-17.96,-10.82,-19.85,-16.42,-0.03
193303,10.37,9.23,11.26,4.39,6.23,-5.85,8.53,-3.16,-12.79,3.8,0.04
193304,34.17,79.79,57.2,38.99,53.49,13.22,42.45,37.13,25.36,30.73,0.1
193305,12.71,26.05,26.03,17.71,19.82,17.37,17.06,23.49,19.29,31.5,0.04
193306,10.34,20.75,12.41,12.5,10.82,10.5,16.26,10.39,15.58,14.51,0.02
193307,-6.61,-7.05,-11.36,-12.05,-11.07,-4.36,-13.46,-19.11,-13.58,-6.67,0.02
193308,9.86,20.76,16.21,19.07,12.89,4.53,7.15,-0.38,-1.23,14.6,0.03
193309,-7.45,-15.32,-10.09,-2.69,-17.14,-3.56,-8.74,-1.31,-19.74,-16.41,0.02
193310,-9.12,-10.06,-8.02,-4.85,-9.73,-7.18,-7.83,-6.02,-7.5,-10.84,0.01
193311,5.21,25.38,12.73,14.69,12.83,5.63,14.45,9.4,-2.39,5.34,0.02
193312,-3.39,10.45,4.61,-1.27,1.49,-3.75,4.57,-11.73,1.05,4.7,0.02
193401,10.02,13.2,11.09,8.73,16.08,5.97,17.3,16.77,20.52,18.55,0.05
193402,-4.98,-2.06,-3.16,-3.38,-6.31,2.12,3.03,-3.59,-1.69,-1.89,0.02
193403,1.17,-0.3,-1.25,-1.33,3.18,1.27,2.4,-0.64,-1.8,0.83,0.02
193404,3.1,-6.85,-2.75,-1.99,-2.33,-1.25,-1.21,8,-3.75,-1.65,0.01
193405,-3,-12.82,-10.06,-4.64,-6.6,-4.3,-7.92,-0.38,-7.73,-7.35,0.01
193406,3.85,-2.75,4.25,1.2,2.79,1.32,2.43,2.04,4.26,3.1,0.01
193407,-5.12,-13.83,-11.56,-9.73,-11.89,-4.34,-8.35,-1.89,-17.24,-17.28,0.01
193408,4.22,10.87,7.52,6.12,6.59,2.56,4.72,-3.05,2.04,4.44,0.01
193409,0.23,0.68,-1.13,-2.32,-0.32,1.9,2.55,0.8,1.61,-0.35,0.01
193410,0.61,-2.08,-0.46,-4.69,-0.93,-1.56,1.68,-0.71,-7.61,-2.21,0.01
193411,8.49,17.61,12.63,7.03,13.52,-1.73,9.61,4.07,-0.25,5.63,0.01
193412,-0.94,3.56,2.21,0.68,3.66,-0.59,-1.04,0.62,-8.66,-0.17,0.01
193501,-1.41,-9.03,-2.39,-4.37,1.13,-0.46,-5.27,-0.86,-3.16,-6.71,0.01
193502,1.61,-3.27,-1.8,-3.35,0.19,1.04,-0.62,4.25,-12.16,-4.7,0.02
193503,-4.62,-5.82,-4.79,-3.82,-4.14,-0.72,-4.33,-3.14,12.34,-5.32,0.01
193504,5.72,5.73,8.96,15.48,10.24,9.13,6.47,3.18,11.14,8.75,0.01
193505,1.1,2.96,1.86,3.51,2.64,8.38,2.53,-4.02,13.76,3.89,0.01
193506,5.51,9.78,6.51,1.51,7.73,5.35,6.28,4.09,9.11,6.32,0.01
193507,3.14,19.08,10.78,0.13,9.6,5.74,7.51,3.19,9.22,7.27,0.01
193508,-1.56,9.01,3.25,-1.89,3.21,4.07,3.09,0.29,7.21,3.39,0.01
193509,1.69,11.09,4.22,-3.33,7.75,4.28,-0.57,1.11,-2.03,0.63,0.01
193510,4.48,13.63,5.85,13.52,8.8,3.11,1.22,5.97,14.13,2.4,0.01
193511,1.1,3.49,4.58,2.78,5.82,9.72,2.92,1.74,0.82,13.19,0.02
193512,2.08,5.8,3.69,14.09,3.51,-0.16,-1.02,2.35,5.62,4.3,0.01
193601,3.24,3.89,5.6,14.06,6.49,4.17,-2.81,3.46,12.53,12.15,0.01
193602,0.61,3.74,5.56,1.26,0.34,6.57,0.99,3.45,-6.59,2.79,0.01
193603,-2.08,10.19,2.44,1.75,-0.05,-3.37,1.14,3.52,0.64,-2.96,0.02
193604,-4.45,-10.15,-8.93,-10.28,-8.63,-5.66,-5.24,-9.19,-8.34,-7.43,0.02
193605,4.96,4.06,6.2,-0.57,5.22,6.46,6.7,4.8,9.52,7.4,0.02
193606,2.32,6.86,1.29,1.73,1.3,2.43,5.29,1.29,3.62,1.78,0.03
193607,2.97,4.91,7.69,4.74,12.05,2.44,6.21,4.65,11.59,9.65,0.01
193608,0.84,-0.28,1.65,-0.67,2.41,1.76,2.49,-1.48,-1.03,1.83,0.02
193609,-0.66,3.26,2.07,1.39,-1.25,0.33,2.94,0.77,-2.05,0.89,0.01
193610,3.37,5.08,7.73,12.48,5.75,5.09,11.22,3.78,5.72,8.11,0.02
193611,4.53,-1.37,5.44,1.48,5.5,3.87,11,3.4,-2.86,0.49,0.01
193612,-1.42,-7.24,1.93,9.24,2.63,-0.4,-8.14,-2.04,-1.63,-1.18,0
193701,2.45,7.27,4.6,2.41,8.62,-0.85,0.07,3.47,2.61,1.04,0.01
193702,0.89,-0.5,2.66,1.49,-1.32,-3.06,3.06,-3.72,-4.19,4.76,0.02
193703,-1.01,-4.13,1.35,3.39,-4.49,-2.09,-2.73,-5.03,-6.32,2.68,0.01
193704,-6.38,-7.9,-9.16,-5.3,-7.62,-5.25,-7.24,-3.32,-7.47,-6.83,0.03
193705,-0.44,-1.97,1,-0.24,0.8,1.53,-4.54,1.68,-5.27,-3.33,0.06
193706,-3.24,-10.77,-3.61,-2.66,-1.46,1.39,-1.59,-4.12,-5.26,-8.94,0.03
193707,5.07,13.23,9.21,8.42,9.55,3.27,10.33,4.14,19.32,8.74,0.03
193708,-2.47,-2.27,-4.43,-6.57,-4.76,-2.54,-4.27,1.09,-10.18,-8.34,0.02
193709,-9.12,-12.67,-17.45,-13.21,-14.12,-2.1,-14.1,-10.76,-11.75,-15.89,0.04
193710,-7.06,-12.88,-13.87,-6.95,-7.19,-5.36,-7.04,-3.55,-4.88,-10.13,0.02
193711,-5.86,-15.24,-9.32,-11.48,-4.59,-3.59,-14.36,-5.12,2.9,-6.85,0.02
193712,-2.27,-16.27,-2.42,-1.25,-2.2,-1.54,-6.55,-2.41,-10.69,-6.63,0
193801,2.96,11.05,-1.24,0.51,-2.47,-2.43,5.92,3.52,-5.7,0.49,0
193802,3.46,3.47,8.67,9.42,4.34,-2.32,9.5,8.61,3.64,4.88,0
193803,-15.79,-27.35,-25.72,-25.2,-27.72,-17.44,-22.19,-14.44,-19.61,-29.74,-0.01
193804,12.27,14.85,13.88,15.92,16.76,13.47,16.18,11.82,14.78,14.53,0.01
193805,-0.23,-6.92,-6.89,-5.82,-2.99,0.83,-3.86,1.71,2.21,-3.96,0
193806,13.2,36.01,32.89,21.98,27.3,12.42,24.03,10.07,16.9,24.86,0
193807,6.61,19.89,6.8,7.38,5.85,1.28,9.06,5.8,0.68,10,-0.01
193808,-4.02,5.97,-1.92,-8.82,-1.19,0.28,-2.4,0.36,-5.53,-3.73,0
193809,0.51,0.69,1.67,0.82,1.6,0.85,0.06,-0.01,1.23,-1.25,0.02
193810,5.15,6.49,10.61,-1.56,10.08,3.56,8.04,5.63,21.09,11.1,0.01
193811,-2.49,-1.2,-1.45,-0.11,-4.34,0.65,-0.37,1.44,-7.01,-2.02,-0.06
193812,2.76,2.12,5.59,4.86,3.08,2.57,1.03,0.85,3.95,6.32,0
193901,-1.92,-8.33,-9.32,-6.29,-7.5,1.81,-3.14,-0.96,1.21,-8.65,-0.01
193902,2.46,7.06,3,-1.18,2.76,3.53,6.2,3.72,8.78,4.7,0.01
193903,-5.75,-17.63,-15.57,-8.31,-14.99,-2.21,-9.59,-4.33,-13.63,-14.95,-0.01
193904,0.62,0.72,-1.32,-1.06,-2.71,2.75,-0.13,1,3.03,-1.83,0
193905,5.47,7.89,7.62,2.56,8.28,5.56,11.38,5.49,6.61,8.01,0.01
193906,-2.04,-6.78,-6.38,-6.12,-8,-3.79,-2.7,1.1,-3.55,-7.62,0.01
193907,6.22,17.58,12.9,3.03,14.04,6.51,8.71,3.08,12.71,11.59,0
193908,-7.36,-6.94,-6.79,-3.91,-8.09,-4.19,-7.33,-5.43,-6.01,-9.97,-0.01
193909,4.79,23.72,27,25.56,12.26,2.37,1.59,7.07,3.6,25.59,0.01
193910,3.26,-1.4,-2.56,-3.93,-0.89,3.05,5.77,0.21,2.11,-1.59,0
193911,-0.47,-2.92,-5.99,-6.14,-2.59,0.97,-2.31,1.22,-1.49,-5.05,0
193912,3.17,3.88,3.97,-0.08,3.61,2.87,3.03,3.77,2.95,2.38,0
194001,1.69,-3.83,-4.63,-2.19,-4.2,-0.12,-0.95,-1.79,-0.05,-2.66,0
194002,0.94,2.08,2.7,0.97,-0.58,1.04,2.51,1.48,-1.24,0.88,0
194003,1.65,3.78,1.54,1.72,3.05,1.16,3.08,1.9,1.74,2.63,0
194004,1.75,-0.54,0.76,0.18,-1.49,0.33,-0.13,-0.31,-1.35,-0.77,0
194005,-20.91,-26.04,-22.21,-24.47,-20.77,-14.13,-24.41,-21.21,-19.94,-24.01,-0.02
194006,5.38,8.68,4.2,5.67,3.01,8.72,9.01,4.91,17.43,8.56,0
194007,-0.02,5.92,4.33,3.19,5,1.97,4.39,-0.52,0.08,3.38,0.01
194008,1.34,7.39,2.49,1.42,3.31,-0.36,2.9,-2.29,-1.04,2.88,-0.01
194009,2.53,3.17,4.14,-2.26,4.22,1.66,3.32,4.61,-2.19,2.46,0
194010,-1.41,3.94,4.1,6.3,2.43,1.61,0.08,-3,3.82,5.3,0
194011,-0.99,-0.63,-1.48,0.87,-2.81,0.61,-2.15,-1.82,-13.06,-0.09,0
194012,0.55,-3.29,1.19,2.31,-0.09,2.04,0.43,-0.23,1.76,0.24,0
194101,-0.51,-9.22,-7.09,-2.14,-2.56,-2.1,-3.63,-2.19,-2.16,-1.62,-0.01
194102,-2.49,1.27,-2.04,-0.69,-0.34,-2.23,-2.53,-4.69,-1.2,-0.31,-0.01
194103,0.56,-1.7,0.77,3.74,0.34,1.78,1.21,1.77,-3.33,1.81,0.01
194104,-4.13,-10.57,-5.69,1.4,-8.83,-6.35,-5.22,-5.22,-9.61,-4.44,-0.01
194105,-1.4,0.41,3.66,5.46,-0.42,0.4,2.27,-1.45,-4.43,-0.93,0
194106,6.28,3.9,6.48,5.22,10.76,5.04,5.1,6.72,3.94,4.51,0
194107,5.53,3.97,7.11,11.06,1.8,-0.38,4.74,8.03,5.33,7.52,0.03
194108,0.83,2.34,-0.65,-3.46,0.74,1.06,2.37,0.08,-2.06,0.2,0.01
194109,1.78,4.14,-2.9,-0.66,-0.78,0.25,0.43,-0.21,-2.85,-2.57,0.01
194110,-7.04,-7.98,-6.43,2.19,-10.11,-2.72,-5.2,-3.69,-9.68,-4.11,0
194111,-3.15,-3.64,-1.39,3.13,-2.04,-4.03,-4.52,-2.93,-6.68,-1.54,0
194112,-3.95,-11.79,0.78,-11.1,0.47,-8.59,-9.83,-1.59,-7.48,-5.36,0.01
194201,2.54,6.25,-2.19,-1.63,0.95,-1.37,0.66,-2.99,4.09,9.54,0.02
194202,-5.5,5.15,-2.41,-5.83,-2.46,-0.57,-1.92,-5.35,-2.45,-1.86,0.01
194203,-8.29,1.42,-5.56,-8.24,-6.27,-6.91,-7.09,-5.54,-12.13,-8.98,0.01
194204,-4.1,-4.37,-4.59,-3.57,-3.62,-7.32,-5.88,-4.45,-3.42,-2,0.01
194205,8.76,9.95,1.75,6.77,7.86,7.72,11.75,14.69,8.4,3.55,0.03
194206,3.55,1.77,3.51,4.42,4.58,-2.23,2.54,2.85,1.7,1.97,0.02
194207,2.42,2.1,2.76,6.05,1.81,4.48,4.96,1.6,-0.44,6.59,0.03
194208,0.8,2.33,1.34,3.54,0.73,2.49,1.71,2.43,0.8,2.41,0.03
194209,-0.07,2.59,3.25,2.36,5.16,2.04,0.67,0.26,5.83,3.38,0.03
194210,4.51,5.82,6.72,9.62,6.27,6.19,0.62,4.13,15.15,8.91,0.03
194211,2.71,-0.14,-2.36,0.91,2.02,2.63,6.66,1.58,-1.31,-2.06,0.03
194212,4.72,8.19,5.27,7.49,6.14,0.35,2.73,8.69,4.36,4.47,0.03
194301,9.14,5.24,6.98,6.4,9.8,3.78,6.92,2.47,14.7,7.06,0.03
194302,3.62,7.58,5.23,7.91,3.43,8.81,3.08,3.64,7.92,9.43,0.03
194303,4.36,5.06,6,7,7.42,0.62,8.68,4.56,4.67,10.07,0.03
194304,1.03,0.53,-1.43,0.97,1.18,4.16,1.87,1.4,4.02,2.19,0.03
194305,6.56,6.58,5.37,5.69,6.26,4.57,7.49,5.13,4.55,5.58,0.03
194306,2.05,4.85,0.87,1.19,2.42,2.27,5.59,0.5,4.19,-0.78,0.03
194307,-1.87,-9.7,-6.81,-2.86,-7.31,-0.18,-3.15,-3.26,-0.49,-5.21,0.03
194308,0.94,3.48,0.67,1.1,0.49,0.91,3.74,0.26,1.84,1.41,0.03
194309,2.18,1.69,2.66,1.41,5.18,1.45,2.16,4.02,3.87,2.18,0.03
194310,-0.27,-1.12,-0.84,-2.06,-3.43,0.73,-2.4,0.57,0.56,-1.08,0.03
194311,-4.57,-5.32,-6.44,-6.93,-6.43,-1.74,-4.5,-3.93,-8.38,-7.97,0.03
194312,6.14,7.94,5.9,7.2,8,3.14,6.92,3.94,7.41,7.16,0.03
194401,3.97,1.02,1.94,0.61,0.63,0.86,0.78,0.29,-0.33,4.48,0.03
194402,-0.53,3.68,-0.36,0.09,-2.13,0.88,1.05,-2.64,1.52,2.06,0.03
194403,2.83,4.77,2.27,1.87,3.79,0.74,2.28,2.46,1.79,2.65,0.02
194404,-1.95,-1.18,-2.03,-1.37,-1.92,-0.57,-1,-2.36,-0.92,-2.45,0.03
194405,5.33,7.91,5.56,4.97,3.63,2.83,5.07,5.68,2.78,4.28,0.03
194406,5.64,9.31,7.1,0.53,7.49,3.21,5.83,3.85,4.91,5.94,0.03
194407,-0.35,-4.93,-1.95,-1.21,-1.82,-0.37,-0.08,-1.24,0.2,-0.8,0.03
194408,2.56,3.98,2.16,-1.94,1.96,0.67,3.12,0.76,3.66,0.36,0.03
194409,-0.23,0.61,0.55,-1.38,-0.65,0.27,1.81,0.43,-1.53,0.11,0.02
194410,-0.03,-2.74,-0.33,1.87,0.82,0.75,0.44,1.09,1.36,0.69,0.03
194411,1.27,2.22,0.86,2.63,1.59,0.7,2.79,0.52,-0.4,4.29,0.03
194412,2.03,3.97,4.24,5.14,4.64,0.72,2.15,1.71,3.11,8.45,0.02
194501,2.64,1.37,2.8,4.92,0.67,-2.11,0.07,0.56,5.69,0.61,0.03
194502,3.95,7.65,6.95,7.31,6.6,2.85,4.52,4.25,6.11,7.85,0.02
194503,-3,-6.03,-4.78,-5.25,-3.81,-0.11,-1.37,-1.83,-3.09,-3.53,0.02
194504,7.1,11.15,8.41,6.9,8.05,2.51,7.16,6.33,10.1,8.82,0.03
194505,2.33,0.78,0.8,-0.87,1.82,3.76,6.26,4.11,1.89,3.09,0.03
194506,0.89,-1.53,-0.16,-0.5,-1.88,2.62,-3.14,-4.65,5.16,4.46,0.02
194507,-1.44,-0.98,-2.99,-3.23,-1.73,2.18,-0.11,-1.62,-0.33,-5.47,0.03
194508,7.72,9.41,8.83,2.22,9.74,1.74,8.22,9.19,1.03,2.56,0.03
194509,6.28,2.74,6.17,1.98,3.4,1.9,5.64,6.51,6.59,6.08,0.03
194510,6.77,0.2,2.28,6.33,0.76,2.36,5.96,6.61,6.18,5.76,0.03
194511,3.68,2.62,4.84,8.37,2.7,3.39,6.92,8.58,4.81,9.14,0.02
194512,1.29,2.54,1.56,-0.24,2.63,0.48,3.46,1.53,-1,0.15,0.03
194601,4.85,6.67,8,-0.07,6.45,1.91,10.98,7.76,10.84,7.4,0.03
194602,-4.82,-8.94,-6.09,-4.67,-7.36,-2.82,-4.23,-4.31,-5.73,-6.14,0.03
194603,6.35,0.98,5.67,11.04,2.15,1.16,11.4,14.57,6.27,4.67,0.03
194604,3.54,1.42,4.33,8.77,1.7,1.59,7.2,14.67,4.34,1.7,0.03
194605,3.35,5.14,5.01,3.68,5.14,2.82,1.9,5.64,3.04,3.38,0.03
194606,-3.6,-5.92,-3.58,-3.15,-5.26,0.3,-7.69,-5.52,-2.8,-3.26,0.03
194607,-0.75,-4.75,-3.27,-0.06,-3.29,-0.08,-2.99,-3.22,-3.63,-4.95,0.03
194608,-5.27,-10.34,-6.69,-5.61,-6.89,-7,-4.83,-3.24,-5.35,-6.78,0.03
194609,-10.68,-14.88,-10.39,-8.05,-9.79,-4.74,-6.88,-7.03,-8.97,-14.38,0.03
194610,0.39,-3.31,-1.88,-0.66,-2.82,-5.13,-2.25,-0.24,1.43,-0.46,0.03
194611,-1.31,-1.13,1.74,0.56,-2.12,1.79,-4.94,1.67,0.8,0,0.03
194612,3.75,6.16,6.64,4.39,4.73,3.77,4.06,7.23,6.09,2.77,0.03
194701,0.23,10.9,0.9,-0.65,5.38,1.03,0.68,-5.32,-0.14,0.46,0.03
194702,-0.31,1.54,-0.68,-2.7,-2.08,-2.05,-0.39,-4.19,-0.9,-1.27,0.03
194703,-2.2,-2.7,-1.6,2.29,-2.29,-2.15,-2.2,-1.26,-2.79,-3.33,0.03
194704,-6.68,-4.08,-5.74,-0.44,-5.21,-0.22,-7.97,-8.6,-3.75,-6.26,0.03
194705,-0.5,-2.16,-2.09,2.52,-0.29,-1.1,-0.37,-2.68,-2.48,-2.07,0.03
194706,6.53,5.87,5.74,7.76,3.87,-3.17,9.88,4.19,3.97,3.18,0.03
194707,4.65,5.2,3.88,3.87,6.34,0.81,4.61,2.6,2.54,5.99,0.03
194708,-1.38,-0.76,-1.01,-2.3,-4.21,0.36,-3.54,-3.83,0.24,-3.18,0.03
194709,0.4,0.17,0.7,-2.71,1.13,0.84,-2.8,-2.62,-1.31,-0.97,0.06
194710,1.36,2.93,3.24,5.24,1.74,0.21,3.03,1.22,0.15,1.01,0.06
194711,-1.69,-2.68,-1.2,-0.34,-0.55,-2.57,-2.41,-3.04,-7.6,-1.98,0.06
194712,0.69,2.24,2.62,9.29,2.48,0.44,0.36,3.1,1.19,3.7,0.08
194801,-2.69,-5.35,-4.08,-7.43,-5.53,0.1,-3.29,-8.23,-0.21,-0.86,0.07
194802,-6.12,-5.42,-5.33,-2.96,-3.94,-1.06,-3.8,-3.53,-3.47,-4.11,0.07
194803,5.46,7.25,9.62,9.93,11.1,1.95,6.67,6.33,6.61,9.93,0.09
194804,1.31,1.17,2.51,11.22,-0.59,2.65,5.08,2.14,1.5,3.24,0.08
194805,5.09,14.43,7.87,6.08,12.77,2.49,8.57,6.78,5.74,6.79,0.08
194806,-2,0.3,-0.98,3.49,-1.41,0.44,-1.3,-2.19,2.59,-0.82,0.09
194807,-1.67,-4.37,-4.99,-7.18,-6.6,-1.65,-7.72,-4.25,-4.36,-4.96,0.08
194808,0.02,1.12,0.41,-2.01,3.07,0.06,2.49,-1.9,0.1,1.53,0.09
194809,-3.95,-3.88,-2.65,-4.46,-3.17,-0.23,-0.93,-3.08,-0.91,-3.42,0.04
194810,3.64,7.95,6.69,9.2,6.85,1.11,4.14,5.19,4.43,4.95,0.04
194811,-6.17,-11.87,-10.15,-12.18,-9.25,-2.06,-5.72,-5.74,-9.07,-10.58,0.04
194812,0.68,3.44,4.04,4.72,6.31,1.09,1.53,4.54,2.66,2.87,0.04
194901,3.67,2.44,0.31,-3.83,-1.33,-1.26,1.17,4.57,4.76,0.31,0.1
194902,-1.93,-3.69,-3.43,-4.3,-4.21,-0.3,-2.27,-0.93,0.67,-3.17,0.09
194903,3.2,3.42,3.56,6.06,5.82,1.36,4.39,5.5,3.78,4.89,0.1
194904,-1.64,-4.22,-3.54,1.28,-3.71,-1.64,-1.64,0.24,1.23,-1.54,0.09
194905,-0.42,-2.83,-3.3,-5.63,-5.3,-2.18,0.19,-1.88,-0.58,-2.67,0.1
194906,1.02,1.29,0.23,-1.18,0.11,1.12,2.86,2.16,-0.93,-1.37,0.1
194907,4.94,9.43,5.94,6.24,6.9,2.41,5.16,6,4.74,4.19,0.09
194908,3.97,2.31,2.17,5.49,0.75,0.98,1.5,0.19,3.68,1.45,0.09
194909,2.83,2.65,3.93,3.03,3.65,1.23,2.32,1.86,4.05,3.4,0.09
194910,1.53,7.34,4.34,3.71,3.74,1.88,0.66,3.38,1.31,2.44,0.09
194911,1.84,4.75,3.24,-2.77,3.9,1.67,2.1,4.81,3.28,1.21,0.08
194912,5.13,8.27,6.5,1.09,9.17,1.59,4.76,8.7,3.25,7.17,0.09
195001,1.37,1.87,1.98,-0.64,4.53,1.86,0.43,1.06,3.75,3.19,0.09
195002,0.53,3.49,1.94,-0.53,3.4,0.66,2.32,1.92,2.4,1.02,0.09
195003,-0.56,1.86,0.81,4.85,2.42,4.57,-0.17,-2.9,0.56,-0.68,0.1
195004,0.14,10.57,7.45,3.23,4.73,2.37,-0.36,5.52,0.95,1.5,0.09
195005,2.07,6.44,5.98,8.8,0.23,1.97,3.16,3.96,1.83,1.36,0.1
195006,-5.69,-4.04,-6.55,-4.52,-7.96,-4.28,-4.42,-4.19,-7.66,-6.8,0.1
195007,0.44,-2.71,2.14,8.81,-2.92,-1.33,-0.96,-6.94,-5.23,7.49,0.1
195008,3.94,9.23,6.34,4.32,5.26,2.56,4.38,3.68,3.39,2.3,0.1
195009,4.88,8.79,4.5,3.53,5.01,-0.46,8.46,6.15,4.51,6.52,0.1
195010,-0.37,0.61,0.46,0.29,-1.49,0.21,0.84,-1.76,-0.74,-1.52,0.12
195011,0.02,-2.61,5.94,5.28,2.64,-0.24,1.11,4.68,-1.18,3.94,0.11
195012,2.83,1.5,6.69,8.68,3.88,1.89,2.76,6.06,3.59,11.04,0.11
195101,4.62,9.22,6.13,6.3,7.73,1.88,3.62,3.1,5.04,6.4,0.13
195102,0.96,2.8,1.23,0.96,0.92,4.11,3.12,1.46,3.11,-0.41,0.1
195103,-2.77,1.18,-3.04,-2.38,-0.91,-1.1,-2.1,1.7,-1.39,-2.84,0.11
195104,0.95,3.42,6.85,10.81,3.17,0.85,0.39,10.41,0.22,3.74,0.13
195105,-1.27,-5.32,-2.14,-3.01,-2.77,-0.41,-1.32,1.57,-0.05,-3.26,0.12
195106,-3.58,-6.83,-3.8,1.09,-1.6,-0.18,-2.71,0.83,-0.41,-5.11,0.12
195107,3.13,3.1,8.45,11.37,6,2.8,2.91,14.42,5.3,7.39,0.13
195108,3.51,7,4.87,5.74,5.92,2.64,2.69,-1.38,2.13,3.46,0.13
195109,-0.41,2.66,0.23,-0.76,3.44,-0.04,3.2,-1.84,1.33,3.59,0.12
195110,-3.12,-2.04,-4.15,1.17,-5.76,-1.08,-3.09,-5.94,0.71,-3.62,0.16
195111,-0.06,2.01,0.43,-0.79,2.12,0.49,1.45,-0.5,1.66,2.12,0.11
195112,1.91,2.48,4.57,4.72,5.05,0.87,-0.24,5.11,3.27,2.13,0.12
195201,0.52,-1.17,-0.3,6.6,-1.87,0.17,-0.49,0.73,3.08,3.32,0.15
195202,-2.01,0.46,-3.84,-3.39,-3.42,-0.63,-3.66,-4.22,0.69,-1.58,0.12
195203,1.71,8.33,2.97,8.72,4.95,1.26,2.52,0.37,2.23,5.85,0.11
195204,-3.32,-3,-6.62,-7.65,-3.44,-0.74,-1.77,-5.46,-1.8,-3.38,0.12
195205,2.14,4.01,4.28,3.51,2.96,1.03,2.64,2.53,2.99,2.94,0.13
195206,2.87,5.24,4.32,5.45,5.66,2.06,2.93,-0.97,1.1,4.02,0.15
195207,0.65,2.53,2.22,-1.02,1.64,0.24,1.94,-4.39,2.17,1.15,0.15
195208,0.96,2.04,-1.66,-2.66,-0.32,0.88,-0.3,-0.55,1.91,-0.13,0.15
195209,-2.81,-0.78,-2.1,-4.3,0.9,-0.34,-0.76,-4.1,0.36,-1.36,0.16
195210,-1.23,1.2,-1.55,0.38,-1.11,0.92,-1.1,-1.47,0.47,-1.57,0.14
195211,5.91,6.52,8.71,2.07,8.87,4.07,4.54,7.25,5.18,7.27,0.1
195212,1.47,7.01,2.67,4.55,2.79,0.88,1.29,-1.96,1.8,3.74,0.16
195301,2.01,-0.36,0.66,-2.99,-2.13,1.02,0.83,-5.12,0.94,1.07,0.16
195302,1.69,-1.17,-0.98,0.33,0.49,-0.43,-0.15,2.09,0.41,-0.22,0.14
195303,-1.64,-4.38,-1.63,-0.56,-0.81,-0.43,-0.48,-0.16,0.16,-1.44,0.18
195304,-0.24,-1.97,-2.68,-5.18,-0.86,-1.04,-0.8,-5.35,-3.21,-3.21,0.16
195305,0.22,-0.02,0.24,1.84,1.05,0.36,1.51,-0.03,0.04,1.44,0.17
195306,-0.86,-3.33,-2.32,-0.08,-2.06,0.5,-2.2,-3.29,-3.06,-2.05,0.18
195307,2.64,0.72,2.61,3.93,2.19,0.94,1.97,3.66,3.36,1.42,0.15
195308,-3.42,-6.36,-4.85,-6.37,-4.52,-0.84,-2.34,0.05,-0.37,-6.77,0.17
195309,0.16,-0.82,1.18,-1.92,3.09,1.78,0.1,0.43,1.61,-0.99,0.16
195310,0.72,7.74,6.02,5.64,7.15,1.38,0.86,2.66,4.51,3.69,0.13
195311,0.56,0.49,4.18,1.99,4.82,2.26,3.34,7.98,3,2.77,0.08
195312,-0.5,-1.21,0.64,0.44,0.5,0.54,1.25,-1.34,0.59,-2.29,0.13
195401,4.17,5.28,4.55,8.64,6.9,1.89,3.32,5.65,3.3,6.64,0.11
195402,-0.23,1.71,0.97,2.8,5.34,2.57,0.44,-0.18,1.57,1.54,0.07
195403,1.41,3.51,4.88,4.28,8.59,1.72,0.38,0.28,3,1.8,0.08
195404,0.9,4.09,5.77,6.15,8.89,1.98,1.54,1.2,1.21,2.87,0.09
195405,2.48,4.48,4.4,2.97,-0.26,1.24,2.84,1.61,2.69,4.39,0.05
195406,0.76,1.19,3.62,-5.87,9.29,0.54,2.5,-2.43,1.34,1.49,0.06
195407,6.37,9.85,5.2,4.23,0.08,4.36,4.21,8.21,5.41,6.83,0.05
195408,-2.71,-3.36,-3.75,0.52,-4.29,-1.43,-0.21,-2.57,-1.72,-2.25,0.05
195409,3.83,14.47,6.6,10.01,7.3,2.49,4.84,2.82,2.01,4.33,0.09
195410,-2.25,-0.77,-1.11,-1.98,-1.78,-0.85,-2.53,-1.62,-3.8,0.58,0.07
195411,6.23,4.45,13.68,8.04,13.47,3.43,8.4,12.55,5.69,11.15,0.06
195412,4.33,7.27,6.54,6.47,2.9,1.58,2.26,6.13,3.58,9.36,0.08
195501,0.27,0.54,-0.12,0.41,4.14,0.8,1.73,-2.88,1.44,0.89,0.08
195502,1.57,-1.03,4.17,2.42,5.07,3.99,1.31,2.85,3.64,3.77,0.09
195503,-0.85,0.05,0.36,-0.23,-1.53,-0.19,-1.4,6.1,-0.71,0.93,0.1
195504,3.98,5.67,4.33,0.58,5.39,1.97,1.83,0.01,2.55,3.44,0.1
195505,-0.24,-1.13,3,-0.62,0.26,1.29,3.02,3.14,-0.13,1.63,0.14
195506,2.6,10.1,9.59,11.2,4.45,0.69,4.42,0.17,1.66,2.37,0.1
195507,1.95,18.82,-1.37,2.76,-3.06,2.61,2.03,0.14,3.68,-1.79,0.1
195508,-0.69,-4.27,3.12,-1.1,0.11,-2.44,1.64,0.15,0.07,0.46,0.16
195509,-1.68,8.75,-0.57,-0.38,-4.2,1.06,3.41,-3.2,-2.63,-2.5,0.16
195510,-0.81,-4.87,-3.16,-0.99,-5.46,-1.15,-2.51,0.81,-1.02,-2.83,0.18
195511,3.6,9.06,8.02,8.58,10.89,1.63,6,6.26,3.39,8.05,0.17
195512,1.2,-4.09,3.11,3.7,5.04,0.86,-0.75,6.22,-0.12,-0.73,0.18
195601,-1.62,-6.59,-4.71,0.54,-5.34,1.86,-4.41,-6.5,-0.33,-2.76,0.22
195602,1.18,5.73,4.87,4.27,6.05,0.16,2.81,8.25,1.92,3.17,0.19
195603,1.74,4.1,7.97,11.44,10.39,1.43,0.43,7.24,3.77,5.67,0.15
195604,0.81,-5.12,1.21,3.62,-0.51,-0.88,-1.82,2.74,-2.18,0.5,0.19
195605,-3.23,-4.45,-6.28,-6.37,-5.35,-1.06,-4.55,-1.24,-0.74,-5.47,0.23
195606,0.66,6.61,4.87,2.74,6.63,1.28,2.2,3.58,2.33,1.58,0.2
195607,1.98,4.58,6.25,6,5.28,2.69,4.8,3.1,5.23,2.42,0.22
195608,-1.37,0.61,-3.21,-5.27,-3.55,-1.36,-2.69,-3.07,-2.48,-3.56,0.17
195609,-3.23,-0.91,-6.16,-5.81,-6.85,-2.87,-4.57,-3.69,-3.86,-4.4,0.18
195610,0.4,-1.35,0.98,0.54,3.26,-1.39,1.48,0.58,1.14,1.1,0.25
195611,-0.42,-3.53,-0.94,5.31,0.68,1.52,-2.17,-1.31,0.42,0.22,0.2
195612,1.26,0.86,4.84,4.14,4.41,2.55,-0.6,6.05,1.82,2,0.24
195701,1.77,-4.86,-5.71,-4.12,-5.65,2.9,-1.29,-2.26,2.65,-0.55,0.27
195702,-1.41,-1.65,-2.78,-2.27,-0.65,0.32,-0.91,-0.35,-0.3,-2.56,0.24
195703,1.6,0.44,1.99,3.17,4.78,1.52,2.1,8.21,1.7,2.3,0.23
195704,1.39,7.35,3.6,6.94,8.39,0.45,0.25,5.43,3.18,3.15,0.25
195705,1.39,0.64,3.53,7.61,5.79,1.03,2.7,4.78,2.26,1.37,0.26
195706,-0.65,-0.23,0.23,-1.74,5.23,-2.09,-2.1,6.45,-5.09,-1.1,0.24
195707,0.93,3.29,0.54,0.99,1.06,-0.24,2.88,2.98,0,1.12,0.3
195708,-1.99,-2.74,-6.27,-5.74,-7.06,-0.12,-2.71,-2.26,-2.58,-5.41,0.25
195709,-1.15,-7.15,-6.89,-7.97,-6.38,-2.22,0.42,-3.71,-1.73,-6.63,0.26
195710,-2.13,-4.33,-4.67,-5.8,-1.79,-2.1,-3.93,-0.45,-0.7,-6.87,0.29
195711,3.36,-5.71,3.38,2.43,6.5,1.49,1.73,7.77,4.37,0.33,0.28
195712,0.44,-8.27,-4.57,-7,-3.3,1.26,-1.72,-0.38,2.56,-4.37,0.24
195801,7.45,5.51,5.43,1.58,4.01,4.26,7.49,-0.05,6.25,11,0.28
195802,2.04,-1.39,-1.97,-4.58,-1.69,0.66,1.41,4.92,1.27,-1.76,0.12
195803,4.2,2.65,1.52,7.91,2.58,1.17,4.09,7.53,1.97,2.51,0.09
195804,3.55,4.28,1.42,5.15,-0.14,2.7,2.99,7.52,5.1,4.55,0.08
195805,2.72,4.68,3.42,0.37,1.53,2.11,3.62,1.07,1.41,3.75,0.11
195806,2.65,2.64,2.36,4.95,3.59,1.66,2.14,3.23,2.19,2.88,0.03
195807,1.63,9.38,8.48,0.69,3.77,0.9,1.87,5.97,1.13,5.31,0.07
195808,2.93,-0.29,2.41,1.92,2.07,2.4,5.71,1.98,-1,3.07,0.04
195809,4.26,10.29,4.54,3.28,6.18,5.05,4.01,11.72,3.47,4.64,0.19
195810,2.51,1.84,3.06,1.33,4.44,1.45,1.22,1.05,4.28,3.64,0.18
195811,4.09,2.03,2.92,1.92,4.35,2.13,5.9,8.03,2.95,4.69,0.11
195812,2.66,3.08,5.2,1.25,13.06,13.3,5.71,4.61,5.94,3.04,0.22
195901,3.81,-0.18,0.8,0.51,-2.18,3.91,3.49,-0.62,1.25,1.97,0.21
195902,3,-1.4,3.62,-7.39,5.14,4.84,2.66,3.86,1.26,1.68,0.19
195903,0.3,-0.75,-0.23,2.14,2.32,-0.42,-1.66,4.26,1.63,-0.72,0.22
195904,3.01,9.77,4.16,1.72,8.39,4.63,1.53,11.92,-1.13,2.07,0.2
195905,1.34,6.24,4.05,-0.95,4.76,-1.04,2.71,-1.07,-1.1,0.65,0.22
195906,1.67,0.48,1.28,-2.72,-0.97,-1.06,2.26,6.59,-2.23,1.41,0.25
195907,3.7,8.09,3.73,4.96,0.52,0.6,2,4.74,3.84,0.17,0.25
195908,-0.39,3.23,-1.89,-3.13,-2.53,0.61,0.78,-3.52,1.33,-2.21,0.19
195909,-3.22,-4.29,-4.96,-6.9,-4.21,-0.96,-2.08,-4.96,-4.33,-4.07,0.31
195910,3.79,-1.1,1.42,1.17,5.06,1.3,0.82,2.38,0.88,0.18,0.3
195911,1.24,0.12,2.19,-0.41,9.21,-1.23,2.43,5.62,0.4,-0.51,0.26
195912,1.23,5.9,2.16,4.23,3.43,4.31,2.63,-1.63,2.13,2.08,0.34
196001,-3.35,-11.36,-8.41,-7.49,-9.83,0.95,-5.7,-6.35,-2.07,-4.42,0.33
196002,2.93,-2.07,0.49,-3.43,5.39,8.36,4.06,0.27,2.77,0.01,0.29
196003,-1.41,-5.26,-3.55,-0.8,1.58,0.14,0.16,1.61,1.77,-2.33,0.35
196004,1.54,-2.09,-3.53,-4.26,0.56,-1.05,-0.21,1.68,1.37,-1.11,0.19
196005,6.52,-0.51,3.86,-3.46,9.57,3.32,3.29,13.77,1.52,0.34,0.27
196006,4.32,0.69,1.68,3.52,1.42,-0.34,3.78,-0.16,5.79,2.83,0.24
196007,-0.95,-0.5,-4.16,0.7,-4.21,0.1,-3,-3.86,-1.23,-1.52,0.13
196008,4.52,3.2,1.7,4.1,1.16,7.11,3.14,2.46,4.46,3.01,0.17
196009,-3.41,-5.3,-7.03,-1,-8.73,-5.91,-8.4,-8.71,-4.55,-5.77,0.16
196010,1.65,-0.98,-0.97,2.43,-3.26,0.14,0.21,-3.49,-0.32,-0.85,0.22
196011,8.68,-0.7,4.84,3.4,7.02,4.19,6.92,4.04,3.79,6.74,0.13
196012,4.47,-0.22,3.93,5.3,3.04,12.45,2.25,6.22,6.42,4.17,0.16
196101,5.44,8.57,6.63,9.76,2.88,7.89,2.89,6.05,4.86,7.82,0.19
196102,6.65,4.43,5.05,0.73,2.7,0.75,4.95,5.19,3.68,5.66,0.14
196103,4.82,3.91,1.6,1.42,2.77,7.43,5.8,3.8,1.75,3.45,0.2
196104,-1.36,-1.04,-1.33,4.76,0.48,0.8,0.62,-0.3,1.87,0.51,0.17
196105,3.67,1.65,4.57,0.15,2.87,-1.04,4.09,2.28,2.5,4.21,0.18
196106,-1.42,-1.88,-2.96,-4.02,-3.35,-3.99,0.52,-3.38,-1.82,-3.87,0.2
196107,2.87,6.99,2.47,2.27,1.79,6.43,2.45,3.45,2.88,1.25,0.18
196108,5.13,2.03,2.46,0.2,4.48,0.26,3.26,3.84,3.8,5.3,0.14
196109,0.04,5.54,-4.46,-6.43,0.22,-2.77,0.39,-1.31,1.4,-1.82,0.17
196110,3.35,0.35,-0.23,6.62,3.37,0.19,8.98,3.52,5.3,2.28,0.19
196111,5.49,9.84,2.96,5.54,2.94,8.49,5.07,3.27,3.41,3.93,0.15
196112,-3.17,2.12,0.17,3.79,-0.69,3.33,-0.36,-2.02,-4.21,-1.84,0.19
196201,-6.14,-0.96,-3.55,0.09,-4.96,-6.08,-8.64,-4.62,-2.58,-1.4,0.24
196202,0.26,-1.52,1.4,5.35,-0.02,4.09,1.62,3.76,2.62,1.7,0.2
196203,-1.09,-1.17,-0.45,-1.66,0.21,-2.94,0.85,0.54,1.98,-1.85,0.2
196204,-6.74,-4.35,-7.94,-3.62,-11.06,-4.71,-4.47,-11.01,-2.79,-7.12,0.22
196205,-11.23,-5.1,-8.21,-4.98,-11.17,-7.11,-9.02,-10.9,-10.46,-7.92,0.24
196206,-8.78,-6.57,-9.54,-4.86,-11.57,-8.52,-10.29,-12.59,-5.1,-9.18,0.2
196207,5.23,8.67,5.37,4.9,11.32,7.23,4.33,7.78,7.45,5.72,0.27
196208,0.89,3.78,2.41,1.84,3.4,1.58,4.29,-7.92,3.17,3.83,0.23
196209,-5.62,-2.87,-5.73,-1.78,-8.88,-6.05,-6.51,-4.05,-2.84,-5.74,0.21
196210,-3.27,2.32,1.57,-0.29,-0.15,2.77,-1.24,2.47,-1.09,0.65,0.25
196211,12.08,7.15,13.16,10.71,14.57,7.16,11.16,17.59,7.6,14.88,0.2
196212,1.45,2.9,-0.99,4.69,-0.17,1.08,0.06,0.89,3.44,1.35,0.23
196301,5.94,6.38,5.73,2.69,5.64,4.13,4.09,5.65,5.26,5.24,0.25
196302,-3.03,-3.02,-2.57,-1.31,-5.06,-1.09,-0.64,-2.58,-1.47,-0.37,0.23
196303,2.57,7.44,2.87,6.97,2.74,1.94,2.01,1.18,1.79,2.87,0.23
196304,2.37,5.67,4.69,6.05,6.41,3.73,5.48,7.62,2.4,5.85,0.25
196305,1.9,7.86,2.07,-0.11,4.19,-0.64,2.58,-0.25,1.03,3.63,0.24
196306,-1.38,-2.79,-2.57,1.21,-4.92,-1.94,-1.36,-1.09,-1.12,-1.3,0.23
196307,-0.47,-0.22,-1.41,2.29,-0.69,-0.23,-1.03,0.56,0.81,-1.63,0.27
196308,4.87,6.55,6.2,3.93,5.14,4.29,6.4,9.56,4.22,5.46,0.25
196309,-1.68,-0.24,-0.76,-3.64,0.13,2.36,0.96,-4.06,-2.49,-3.17,0.27
196310,2.66,9.72,2.58,-0.32,8.29,3.4,0.48,3.38,-0.67,1.37,0.29
196311,-1.13,-4.84,0.3,-1.15,-0.29,4.16,-1.23,-1.65,-1.02,0.22,0.27
196312,2.83,0.27,1.91,4.65,3.05,-0.14,0.34,1.54,2.42,2.8,0.29
196401,0.79,1.19,2.69,4.84,2.91,3.35,2.54,3.68,1.4,1.23,0.3
196402,1.85,2.14,2.76,1.06,1.96,-0.28,1.61,1.66,0.85,5.46,0.26
196403,3.08,0.93,3.7,1.4,3.38,-0.94,2.5,-1.94,-0.74,2.17,0.31
196404,-0.45,1.93,-1.72,4.02,-3.63,0.81,2.85,-1.42,1.04,0.29,0.29
196405,1.56,1.12,1.77,2.14,2.74,-0.4,3.88,0.53,0.83,2.43,0.26
196406,1.61,0.67,0.92,0.65,0.52,4.76,3.79,0.59,2.19,1.38,0.3
196407,1.72,5.28,1.34,3.34,-1.8,-1.99,1.27,4.76,4.92,1.34,0.3
196408,-0.26,1.33,-1.25,-1.86,-2.75,-1.53,0.33,-4.22,-0.02,-3.11,0.28
196409,1.68,5.04,4.77,3.08,1.15,-1.02,3.47,2.73,1.85,4.09,0.28
196410,-0.16,0.25,0.3,3.06,-0.99,-0.89,2.3,2.88,0.94,1.84,0.29
196411,0.7,-1.38,-0.52,2.55,-0.23,-2.23,3.25,2.17,1.36,-1.78,0.29
196412,0.24,1.67,-0.82,-0.24,-0.01,3.1,0.18,4.38,0.48,-1.75,0.31
196501,6.06,3.76,5.52,0.51,7.46,0.27,3.06,7.66,3.94,4.75,0.28
196502,1.59,-0.69,2.51,-3.36,2.2,0.79,1.4,2.42,0.46,2.53,0.3
196503,-0.8,1.39,-1.16,-3.03,-0.48,-1.68,-0.85,-0.92,-0.51,-0.27,0.36
196504,4.2,7.04,4.02,0.86,5.14,2.3,6.81,2.98,0.62,2.2,0.31
196505,-0.8,-3.53,-0.52,0.86,0.48,2.79,0.21,-1.24,-0.94,-1.72,0.31
196506,-5.12,-6.83,-6.21,-1.98,-5.71,-4.14,-6.15,-5.31,-3.66,-6.96,0.35
196507,1.58,2.3,2.06,1.81,3.6,-0.38,-1.41,3.95,1.06,3.39,0.31
196508,4.05,3.21,3.64,1.56,5.88,1.33,2.29,6.29,0.92,5.07,0.33
196509,0.45,6.97,3.9,4.37,5.29,1.09,-0.66,2.24,1.37,1.83,0.31
196510,2.61,6.34,4.45,1.84,5.22,-2.29,0.3,3.23,1.06,4.23,0.31
196511,1.1,-4.03,1.39,0.71,2.73,-4.32,1.39,3.8,-1.01,3.87,0.35
196512,1.29,1.23,3.25,0.17,-1.54,-0.86,1.33,3.83,-0.32,3.48,0.33
196601,1.89,0.49,2.89,1.04,1.35,-1.3,-4.34,2.74,-3.06,5.26,0.38
196602,-0.48,-1.5,-0.73,-3.47,5.03,0.48,-1.87,-1.55,-4.17,2.07,0.35
196603,-2.63,-3.06,-1.79,-2.23,-0.9,-4.84,-2.15,-1.6,-0.12,-2.85,0.38
196604,0.42,0.11,2.79,3.13,7.65,1.26,3.08,-0.02,1.19,3.04,0.34
196605,-4.92,-8.11,-5.61,-3.74,-6.05,-2.98,-2.86,-5.26,-2.73,-7.85,0.41
196606,-1.76,-2.11,-0.98,-2.28,-0.13,0.49,-2.37,0.99,-1.78,0.73,0.38
196607,-1.16,-2.44,-1.51,0.4,-1.76,-1.17,-1.98,-1.72,-0.18,-2.04,0.35
196608,-7.21,-7.47,-7.92,-6.36,-5.98,-4.6,-6.37,-8.07,-8.61,-11.72,0.41
196609,-1.48,-1.04,-3.6,3.94,-1.9,-0.57,-1.94,-1.13,4.37,-1.85,0.4
196610,4.5,0.57,2.5,8.47,0.3,9.19,-1.43,4.87,9.95,3.14,0.45
196611,2.33,-3.51,2.69,-1.14,10.88,-2.84,0.71,6.89,-1.36,7.91,0.4
196612,0.22,-2.61,1.37,-0.66,0.41,2.98,-4.05,-0.17,2.11,2.08,0.4
196701,9.42,12.19,11.19,3.59,10.2,6.23,11.85,6.41,2.81,11.98,0.43
196702,2,-1.01,1.19,-0.07,6.17,2.15,3.21,1.42,-1.72,-0.25,0.36
196703,4.45,4.27,5.76,3.61,5.44,2.94,2.38,7.83,1.54,4.17,0.39
196704,4.59,10.83,3.71,1.67,7.73,0.19,9.16,4.46,1.87,2.23,0.32
196705,-2.63,-7.28,-3.64,-2.42,-4.44,-5.67,-4.67,-5.29,-4.12,-1.88,0.33
196706,2.65,1.52,2.09,2.28,6.32,2.72,3.83,5.38,-1.32,3.77,0.27
196707,6.03,10.71,5.08,6.92,3.92,-6.62,5.98,3.79,2.29,7.87,0.31
196708,-0.84,0.08,-0.48,-1.46,-1.01,-1.25,0.46,0.66,-0.71,-0.25,0.31
196709,3.13,4.98,3.08,4.21,8.36,1.2,2.27,2.89,-0.12,1.36,0.32
196710,-2.66,-4.88,-4.44,-0.99,4.8,-3.49,0.66,-5.01,-5.42,-5.17,0.39
196711,0.56,-0.69,0.67,0.78,1.37,0.09,0.88,1.33,3.18,-0.39,0.36
196712,3.2,0.88,5.21,3.09,2.19,0.13,3.47,1.62,3.24,5.53,0.33
196801,-0.58,-5.16,-6.47,-0.89,-8.69,2.69,1.13,-6.57,0.2,-1.84,0.4
196802,-2.67,-2.31,-4.28,-2.65,-4.55,-2.4,-0.79,-4.24,-1.48,-3.56,0.39
196803,0.74,0.52,0.79,0.76,4.16,-1.12,2.84,0.1,-3.93,-0.09,0.38
196804,11.09,12.01,10.64,5.68,12.38,2.22,12.38,11.9,2.49,12.1,0.43
196805,5.02,-0.37,3.17,1.26,3.81,-0.74,3.54,3.34,0.45,6.25,0.45
196806,1.19,-1.65,-0.28,1.81,-2,4.15,0.37,2.25,8.44,2.99,0.43
196807,-3.9,-2.85,-4.29,5.28,-5.6,-0.19,-5.09,-4.1,0.17,-2.76,0.48
196808,2.81,1.16,3.28,1.28,0.53,1.26,2.27,0.68,-0.87,2.82,0.42
196809,4.86,6.87,4.51,3.53,2.95,2.95,7.9,0.85,0.27,9.17,0.43
196810,0.87,4.7,0.94,2.55,-4.99,3.17,0.75,-0.05,0.49,1.1,0.44
196811,4.66,-0.42,5.81,5.56,8.62,5.39,5.1,8.1,8.79,7.63,0.42
196812,-1.04,-4.42,-3.52,-2.56,-5.37,-6.64,-4.08,-1.03,-2.88,-3.75,0.43
196901,-1.2,-1.87,-0.35,-1.12,-4.68,1.2,-1.05,-0.23,2.41,0.88,0.53
196902,-6.59,-3.37,-5.84,-4.6,-3.58,-3.32,-4.07,-5.14,-5.2,-8.35,0.46
196903,0.76,5,2.53,7.09,5.46,-0.42,5.15,3.34,-1.29,0.75,0.46
196904,1.03,1.3,1.31,-0.35,3.91,7.73,3.73,4.98,1.34,1.81,0.53
196905,1.19,-0.02,-0.87,3.69,-1.7,1.06,0.56,1.66,0.02,-1.11,0.48
196906,-7.33,-5.97,-6.8,-9.92,-0.13,-3.98,-5.43,-5.03,-5.74,-10.67,0.51
196907,-6.93,-7,-5.58,-9.63,-5.42,-4.49,-8.53,-2.73,-2.98,-9.12,0.53
196908,5,3.01,4.12,6.58,7.03,1.66,8.17,9.2,-1.29,9.02,0.5
196909,0.26,-0.39,-2.1,-9.63,0.21,-4,-0.61,2.17,-4.14,-0.74,0.62
196910,8.35,3.87,6.6,-1.06,5.8,3.5,6.68,8.97,8.28,7.93,0.6
196911,-2.4,-4.43,-3.57,-4.51,-1.79,1.18,-4.27,0.34,-5.26,-5.54,0.52
196912,-1.96,-3.43,-1.28,-3.01,-0.75,-5.51,-3.07,4.3,-0.65,-3.75,0.64
197001,-4.3,-8.24,-7.21,-11.44,-9.07,-2.56,-5.9,-7.11,-4.23,-8.81,0.6
197002,4.72,5.86,4.81,5.38,2.95,7.95,5.31,5.57,8.36,9.39,0.62
197003,-0.86,4.98,-0.5,-0.43,-2.58,2.29,-1.69,-5.1,2.91,-1.91,0.57
197004,-10.2,-8.77,-9.04,-9.15,-14.34,-8.79,-11.27,-10.12,-8.06,-13.7,0.5
197005,-7.51,-6.23,-7.75,2.63,-9.54,-3.74,-9.63,-7.74,-5.36,-8.29,0.53
197006,-1.57,-3.8,-4.72,-2.46,-11.76,-8.48,-4.02,-0.48,-4.7,-6.83,0.58
197007,6.69,10.32,4.95,12.77,2.41,10.27,10.58,2.14,8.71,8.02,0.52
197008,1.5,8.29,4.54,6.53,7.99,2.5,5.23,1.8,4.67,5.03,0.53
197009,5.63,2.81,4.04,3.27,10.17,-0.93,7.96,8.01,-0.54,7.61,0.54
197010,0.65,-2.06,-3.14,2.97,-3.54,-3.75,-1.64,0.31,-0.8,-5.89,0.46
197011,4.8,6.84,3.93,4.89,4.08,6.11,6.83,2.97,9.39,3.74,0.46
197012,7.45,6.27,8.03,2.28,4.43,6.85,5.36,5.34,7.13,8.37,0.42
197101,4.92,3.76,6.02,0.39,5.44,9.75,8.28,4.92,2.95,7.79,0.38
197102,3.79,2.24,1.22,4.73,2.78,-5.3,3.68,1.31,-2.58,2.22,0.33
197103,4.47,3.48,4.23,2.71,8.08,0.73,6.77,3.68,2.39,5.94,0.3
197104,2.21,8.56,4.44,4.34,2.37,0.82,5,4.23,-3.54,4.34,0.28
197105,-3.05,-4.35,-2.21,-4.68,-6.11,-5.21,-1.9,-2.13,-3.69,-4.53,0.29
197106,-0.12,-0.52,0.44,1.04,-2.17,1.05,0.44,2.05,4.29,-1.32,0.37
197107,-2.13,-5.28,-5.03,-2.15,-8.6,-3.69,-3.56,-2.17,-2.15,-3.86,0.4
197108,3.13,10.53,6.49,-1.16,5.7,-0.24,6.2,3.15,-2.33,6.98,0.47
197109,-0.05,-0.05,-0.24,-1.67,-1.56,0.27,0.69,0.66,-1.49,-0.42,0.37
197110,-4.33,-5.06,-6.03,-4.3,-4.37,-1.83,-3.39,-2.47,2.04,-4.21,0.37
197111,-0.38,0.17,-0.93,0.02,1.77,0.43,0.23,0.69,-1.22,-0.27,0.37
197112,10.52,6.21,10.04,8.83,11.28,7.55,10.29,7.79,8.12,8.22,0.37
197201,2.51,3.38,3.36,0.16,8.42,1.01,0.27,2.63,-0.32,3.36,0.29
197202,4.64,0.57,4.86,2.61,1.88,0.24,5.6,7.12,-2.5,2.25,0.25
197203,0.09,4.29,2.52,-5.45,1.09,-0.33,2.04,0.46,-0.14,2.29,0.27
197204,1.9,-0.59,1.87,-0.66,0.74,-1.06,-0.61,1.1,-2.8,1.79,0.29
197205,0.4,-1.2,2.1,3.62,3.71,1.24,1.46,3.71,-0.17,-0.63,0.3
197206,-1.11,-2.92,-2.21,-0.98,-2.55,-2.64,-3.95,2.54,-1.56,-4.51,0.29
197207,-1.61,-2,0.45,-1.09,0.95,0.74,-2.48,3.1,0.05,-2.96,0.31
197208,-0.1,3.75,2.21,12.41,2.86,5.18,-0.39,1.05,5.95,3.55,0.29
197209,-2.6,-0.92,-1.18,-0.21,-1.16,4.27,-0.55,-0.43,0.18,-1.74,0.34
197210,0.02,-2.35,1.07,3.12,-3.3,2.27,0.9,1.5,6.77,1.12,0.4
197211,6.87,8.1,4.23,6.19,2.5,7.04,5.94,-0.53,6.39,5.12,0.37
197212,0.53,1.74,0.82,1.05,1.99,1.45,1.83,3.73,-1.54,-0.76,0.37
197301,-4.71,-6.69,-3.64,5.02,1.92,-2.12,-4.27,-1.18,-4.28,-7.47,0.44
197302,-4.36,-6.03,-2.17,-7.36,-3.03,-4.64,-6.42,-0.71,-1.98,-6.09,0.41
197303,-1.04,-2.85,-0.42,3.12,-1.23,0.53,-5.71,0.78,-2.16,-0.29,0.46
197304,-6.29,-5.1,-4.56,-1.03,-6.7,0.86,-8.37,-5.48,-0.58,-7.79,0.52
197305,-2.12,-4.3,-1.24,-3.45,-2.59,-0.84,-2.14,1.07,0.36,-5.03,0.51
197306,-3.48,-2.61,-0.44,1.61,-0.09,-0.32,-5.73,0.02,-2.47,-0.28,0.51
197307,7.53,7.2,6.57,0.34,4.98,-0.31,10.99,6.87,-2.39,9.59,0.64
197308,-3.31,-3.92,-1.62,-3.74,-3.68,-3.93,-4.2,-6.91,-2.09,-2.24,0.7
197309,5.87,7.85,4.57,9.27,-2.8,7.67,7.43,0.79,7.9,7.19,0.68
197310,-2.34,-4.5,0.27,5.22,3.85,-5.54,-3.51,1.83,-3.38,-1.08,0.65
197311,-14.31,-16.19,-14.49,-6.17,-11.46,-1.94,-18.7,-7.77,-11.61,-13.45,0.56
197312,-1.62,-3.77,1.01,8.59,-4.32,4.54,-0.39,-4.48,3.41,2.44,0.64
197401,2.38,6.28,0.41,-7.53,1.25,2.01,6.76,-2.52,4.55,1.12,0.63
197402,0,-0.99,-0.11,-1.48,-0.6,4.76,0.95,-1.23,0.27,1.02,0.58
197403,-1.85,0.03,-0.89,-3.33,-2.76,-4.59,-3.33,1.21,-3.63,-3.62,0.56
197404,-3.77,-3.94,-2.39,-6.3,-3.68,-5.31,-1.96,-1.48,-12.19,-6.4,0.75
197405,-2.82,0.52,-2.09,-7.48,-4.26,-1.52,1.16,-0.12,-4.89,-8.38,0.75
197406,-0.56,-2.71,-0.3,-0.27,-2.95,0.3,-2.71,-1.62,-6.17,-5.51,0.6
197407,-10.21,-11.74,-7.29,-0.66,-8.45,-7.63,-12.9,-14.06,0.79,-6.64,0.7
197408,-10.27,-6.7,-10.21,-8.54,-4.9,-0.04,-13.03,-8.11,-8.62,-10.62,0.6
197409,-12.15,-12.76,-12.54,-7.87,-16.88,-3.81,-12.02,-15.55,-1.34,-9.58,0.81
197410,15.64,4.1,16.26,20.97,14.83,10.85,10.24,29.52,13,20.22,0.51
197411,-3.84,-4.67,-6.16,-4.18,-4.92,-3.09,-5.72,-1.2,-0.15,-2.76,0.54
197412,-0.6,-3.86,-4.46,0.79,-5.3,1.57,-3.41,-3.37,-0.83,-4.35,0.7
197501,18.88,21.31,14.47,6.51,15.29,11.1,25.85,-0.61,18.84,17.81,0.58
197502,4.1,4.58,8.12,2.28,13.21,5.16,4.99,16.04,0.92,2.84,0.43
197503,7.07,6.69,5.07,-2.2,1,-0.85,10.48,1.28,-1.34,4.12,0.41
197504,3.11,4,9.45,7.26,5.54,-0.95,2.55,0.72,-1.58,3.3,0.44
197505,5.21,2.62,2.6,12.35,5.86,3.52,4.24,6.48,8.45,5.68,0.44
197506,5.35,10.2,3.64,6.24,2.27,4.07,7.55,0.91,10.77,5.95,0.41
197507,-5.39,-2.06,-5.85,-4.18,-9.4,-4.22,-7.48,-12.03,-4.78,-6.12,0.48
197508,-3.12,-3.43,-0.88,-0.94,-2.97,-3.59,-0.25,-3.34,-1.3,-5.12,0.48
197509,-2.51,-2.56,-5.65,-1.15,-0.84,-1.25,-3.5,-6.54,-0.97,-6.3,0.53
197510,10.55,8.87,5.65,-1.39,8.38,6.82,9.79,10.68,6.51,3.91,0.56
197511,4.09,3.4,3.18,-1.63,5.02,4.26,4.41,5.12,3.12,3.56,0.41
197512,-1.51,-0.39,-1.4,0.06,-1.25,-0.1,-3.02,-6.36,1.33,-0.29,0.48
197601,11,15.59,16.8,8.36,18.31,9.5,9.04,7.78,8.37,12.93,0.47
197602,-1.07,3.89,1.89,-3.15,1.2,3.56,4.57,-6.52,-3.53,3.12,0.34
197603,0.72,3.63,0.77,7.27,2.97,0.59,3.49,6.52,1.42,1.94,0.4
197604,-1.71,1.89,-1.4,2.12,-3.4,1.72,-4.64,-4.31,0.65,-1.56,0.42
197605,-2.18,-3.18,-1.24,5.49,0.53,-2.95,-5.67,-2.81,-1.38,-1.67,0.37
197606,3.65,4.26,3.96,5.07,8.21,3.58,1.4,3.66,4.27,5.4,0.43
197607,1.52,-1.07,-1.87,-0.66,-2.21,1.24,-2.23,-0.38,2.82,-0.05,0.47
197608,-0.29,-1.43,-1.57,-0.88,-0.84,4.73,2.98,2.17,2.93,-1.14,0.42
197609,1.53,4.52,0.91,5.98,2.89,1.61,0.37,3.62,4.1,0.94,0.44
197610,-1.6,-1.18,-3.55,-2.41,-4.5,1.27,-0.89,-3.75,-0.84,-0.46,0.41
197611,1.75,-0.75,-0.53,0.86,1.66,3.15,4.94,-9.69,3.16,2.04,0.4
197612,5.24,9.7,6.08,6.27,3.84,3.46,2.31,6.26,6.53,8.39,0.4
197701,-4.08,-4.14,-5.84,0.25,-3.88,0.1,-7,-8.82,0.8,-4.15,0.36
197702,-1.4,-3.49,-0.72,-2.95,-0.65,0.97,-1.87,-0.21,-3.4,-1.75,0.35
197703,-1.39,-3.37,-0.15,-2.08,-0.04,-1.03,-2.72,-1.79,0.15,-0.11,0.38
197704,0.52,3.19,0.57,2.57,-3.45,0.67,-3.43,-5.2,1.95,2.16,0.38
197705,-0.95,-0.5,-2.7,-0.4,-1.47,1.43,-2.74,-1.88,1.67,-0.84,0.37
197706,4.53,4.32,3.37,6.06,7.78,1.96,6.02,9.04,5.72,5.34,0.4
197707,1.21,-2.43,-3.52,-1.84,-0.16,-0.86,-0.19,-2.24,0.87,-0.36,0.42
197708,0.1,-0.87,-1.13,-5.72,0.49,-2.26,4.64,3.79,-3.25,-1.24,0.44
197709,0.26,1.6,-0.97,0.78,-1.79,3.47,-0.66,-0.84,2.01,-0.08,0.43
197710,-3.34,-4.46,-4.38,-3.58,-3.19,-5.01,-3.09,-1.68,-3.14,-4.43,0.49
197711,4.61,1.95,4.18,3.45,5.22,2.21,5.47,6.02,4.3,6.46,0.5
197712,-0.01,-0.65,0.85,1.85,2.4,2.17,-1.33,0.59,-0.32,0.64,0.49
197801,-5.3,-6.86,-5.94,-6.9,-4.73,-4.15,-6.86,-1.86,-4.57,-5.32,0.49
197802,0.13,0.41,-2.45,-1.1,-3.48,4.12,-0.43,-3,-0.4,-0.16,0.46
197803,4.15,6.11,3.83,2.03,-0.69,2.64,2.77,4.16,2.48,5.43,0.53
197804,6.9,9.68,11.41,6.76,13.31,2.96,10.88,9.2,0.23,9.33,0.54
197805,4.25,0.13,4.28,0.81,1.62,-0.39,1.26,5.25,0.71,2.55,0.51
197806,-0.26,-2.86,-1.52,-3.73,-0.36,-1.52,-1.95,1.1,0.82,-0.27,0.54
197807,3.56,4.63,7.66,3.44,8.58,1.43,5.08,8.87,2.82,6.57,0.56
197808,4.13,2.88,3.89,5.13,6.02,3.57,5.61,1,0.45,6.35,0.56
197809,-0.39,-0.45,-2.08,4.76,-4.16,1.21,-2.63,-2.75,-0.25,-1.25,0.62
197810,-11.57,-11.18,-11.4,-10.61,-10.82,-4.53,-14.07,-12.84,-7.11,-14.07,0.68
197811,2.21,0.78,3.04,6.21,5.08,3.01,2.56,5.18,3.02,2.51,0.7
197812,1.73,-0.56,1.51,2.95,6.44,0.1,-0.61,3.42,-1.23,1.32,0.78
197901,4.19,4.99,6.26,3.19,4.31,3.64,5.64,1.42,6.37,6.07,0.77
197902,-3.51,-3.54,-4.47,0.64,-3.31,-0.63,-4.33,-4.52,-1.6,-3.27,0.73
197903,4.07,6.6,7.28,9.3,7.61,0.16,5.99,5.05,2.38,8.18,0.81
197904,0.22,2.99,-0.35,4.31,0.33,-2.13,0.69,0.42,-2.7,1.55,0.8
197905,-1.77,-0.79,-2.29,-2.31,-1.98,0.09,-2.57,-2.64,1.41,-0.1,0.82
197906,3.28,2.99,3.48,9.2,0.49,1.95,2.95,4.83,5.01,6.99,0.81
197907,2.07,2.05,2.08,1.7,-1.52,-0.11,1.15,0.14,2.12,3.3,0.77
197908,7.55,4.71,7.51,7.96,5.94,1.57,8.82,8.54,2.05,5.84,0.77
197909,-1.91,0.43,-0.74,5.84,-1.76,-2.39,-0.81,-0.54,-2.14,-0.68,0.83
197910,-7.68,-9.43,-8.85,-2.38,-7.73,-5.03,-8.79,-4.34,-5.8,-10.15,0.87
197911,5.16,-2.35,4.94,8.91,8.17,4.06,3.96,8.75,7.79,7.01,0.99
197912,3.37,3.38,4.37,2.68,1.79,-1.53,3,2.08,-0.92,4.14,0.95
198001,3.12,9.05,7.02,14.16,7.38,-2.05,0.89,-1.29,1.6,5.51,0.8
198002,-4.79,-6.31,-2.65,12.59,-3.56,-1.48,-4.85,-4.63,-3.36,-3.33,0.89
198003,-8.16,-8.74,-11.68,-17.79,-12.67,-2.64,-8.49,-2.84,-6.67,-12.25,1.21
198004,6.52,-1.91,3.25,6.85,0.72,7.3,3.42,4.28,11.96,6.05,1.26
198005,7.89,4.31,6.18,4.05,4.82,5.02,10.73,6.96,4.61,8.11,0.81
198006,2.99,2.78,2.41,5.81,3.03,-0.59,2.4,0.21,4.54,5.16,0.61
198007,7.76,11.75,10.76,1.67,15.48,1.02,10.65,8.89,-0.12,6.64,0.53
198008,1.45,1.46,1.73,3.79,3.68,6.31,1.96,0.3,-1.08,2.68,0.64
198009,0.2,0.97,3.03,6.81,2.01,-1.59,1.12,3.6,0.17,3.64,0.75
198010,0.28,-1.73,0.37,8.01,1.94,-3.24,-1.56,-1.29,2.01,1.56,0.95
198011,0.92,4.77,8.56,24.56,9.8,0.01,2.91,8.81,7.51,7.38,0.96
198012,1.04,-1.16,-2.12,-10.88,-1.17,0.82,-1.45,4.61,-2.02,-0.72,1.31
198101,2,-2.2,-2.04,-10.36,-8.08,5.53,0.42,-1.57,-2.72,-2.56,1.04
198102,2.49,6.4,4.4,-0.47,0.49,2.15,2.85,1.85,-1.32,1.71,1.07
198103,6.93,7.07,5.88,-2.48,5.01,1.16,12.7,5.87,2.96,8.45,1.21
198104,1.16,1.81,-0.84,-7.44,0.15,6.21,2.98,3,-2.58,0.93,1.08
198105,2.64,2.89,-0.32,-4.01,4.23,7.14,2.73,3.47,1.95,2.52,1.15
198106,-0.2,-4.21,-1.38,4.76,-6.67,-1.91,-1.6,-5.58,3.45,-0.97,1.35
198107,-0.65,-2.97,-2.73,7.86,-3.78,0.37,-3.21,-3.89,2.8,-2.69,1.24
198108,-5.11,-7.84,-6.87,-6.4,-7.27,-0.8,-5.29,-7.75,-0.84,-5.49,1.28
198109,-2.18,-2.97,-7.03,-12.3,-3.89,2.81,-3.74,-1.33,-5.56,-5.46,1.24
198110,7.51,-4.14,3.76,10,5.15,6.03,6.88,7.95,4.87,7.15,1.21
198111,2.69,4.82,4.3,6.86,1.54,2.64,1.01,3.93,5.91,5.08,1.07
198112,-1.79,0.41,-1.5,-6.54,-0.02,-1.43,-2.16,-0.75,-2.33,-3.75,0.87
198201,-0.9,1.21,-3.19,-8.58,2.78,0.67,0.17,1.45,-0.69,-3.25,0.8
198202,-1.97,-1.94,-5.76,-10.94,-5.22,-5.7,-1.47,-1.8,-0.43,-3.92,0.92
198203,2.47,3.64,-1.72,-3.61,-3.57,2.05,4.27,-2.58,1.63,-1.3,0.98
198204,6.64,4.48,3.13,4.4,7.44,-0.17,5.45,7.34,3.83,3.72,1.13
198205,-3.21,-1.82,-4.6,2.47,-5.42,-1.05,-2.68,-3.05,-0.5,-5.47,1.06
198206,1.7,2.7,-2.6,-6.47,-2.33,-2.55,2.96,-0.73,-2.24,-2.43,0.96
198207,-0.46,-0.4,-2.3,-7.95,1.56,1.18,0.17,0.81,-2.62,-3.02,1.05
198208,9.21,13.76,13.8,9.82,12.78,10.84,12.48,12.38,11.93,11.33,0.76
198209,5.32,-0.72,-1.02,1.96,1.19,1.03,4.64,1.34,1.09,4.16,0.51
198210,10.58,16.56,12.95,5.61,16.96,8.18,16.94,8.34,4.9,15.69,0.59
198211,5.16,8.22,5.73,-4.39,10.67,6.01,11.03,5.24,0.11,7.61,0.63
198212,0.85,3.14,0.8,5.47,2.69,-1.23,-2.14,0.54,4.29,-1.31,0.67
198301,-1.02,5.12,5.03,3.7,8.39,12.35,1.43,1.48,3.64,2.85,0.69
198302,3.76,3.56,4.09,-0.39,3.59,-0.3,8.06,2.78,1.45,4.62,0.62
198303,7.39,-1.07,2.15,5.97,0.68,0.71,8.56,4.61,0.3,4.96,0.63
198304,6.3,11.03,6.34,9.45,7.5,5.13,8.68,5.1,4.78,8.22,0.71
198305,-0.88,-2.14,2.17,1.29,2.74,-1.28,0.38,-2.7,2.62,2.47,0.69
198306,2.97,10.4,1.63,6.48,6.13,0.23,6.13,6.87,-0.41,1.59,0.67
198307,-2.6,-3.62,-2.46,-2.38,-5.33,-5.17,-3.31,-5.6,1.05,-3.67,0.74
198308,0.64,-2.48,0.72,7.16,-1.08,2.19,-4.83,-1.08,1.5,-0.77,0.76
198309,4.59,4.44,2.4,-4.85,2.14,2.26,2.28,1.29,4.66,1.63,0.76
198310,-0.24,0.37,-2.29,-2.13,-6.88,-5.22,-1.61,-2.15,3.07,-4.02,0.76
198311,2.27,4.12,6.32,-0.56,2.26,3.17,4.43,-3.03,-1.56,4.68,0.7
198312,-0.46,0.97,-1.02,1.89,0.38,-1.52,-4.75,-3.58,-3.64,-0.86,0.73
198401,-0.76,-5.39,-3.5,9.96,-6.16,4.06,-5.92,-0.61,1.49,-1.67,0.76
198402,-5.73,-6.08,-6.64,3.87,-5.94,-3.7,-4.48,-1.99,-3.36,-4.89,0.71
198403,1.56,0.37,3.22,0.16,1.85,-4.21,1.26,-0.69,-0.24,2.45,0.73
198404,0.48,1.3,0,4.05,-0.43,2.18,0.24,2.29,-0.39,-2.08,0.81
198405,-2.4,-5.56,-5.71,-5.06,-5.52,-3.49,-5.14,-6.48,-0.83,-6.86,0.78
198406,6.31,1.99,3.22,-2.22,1.8,12.26,7.41,3.83,0.48,2.24,0.75
198407,-1.72,2.59,-1.51,-7.17,-2.32,2.87,0.11,-3.84,-0.03,-1.8,0.82
198408,8.77,10,11.97,13.75,13.88,7.15,9.9,10.26,7.75,11.16,0.83
198409,1.26,-0.14,-2.5,2.11,-3.9,4.04,0.02,-4.41,4.81,2.26,0.86
198410,1.43,2.16,0.54,-4.5,-0.51,-3.52,-0.72,1.6,3.32,0.73,1
198411,0.31,-2.99,-1.4,-1,-3.84,0.46,-2.82,-0.03,3.03,-0.31,0.73
198412,2.45,4.59,2.18,-0.55,2.43,5.33,0.71,2.79,2.64,3.7,0.64
198501,5.02,9.81,8.44,6.53,12.55,5.25,13.25,8.28,2.39,9.79,0.65
198502,5.04,-1.59,1.4,3.81,-1.3,3.37,2.04,3.59,1.39,2.16,0.58
198503,4.69,-5.24,-2.71,1.55,-6.02,4.45,-0.55,3.01,6.11,-0.15,0.62
198504,-2.12,-3.45,-1.51,3.85,-3.61,-0.71,0.11,-1.73,1.62,1.46,0.72
198505,7.9,5.94,6.12,0.64,2.87,8.35,9.6,9.59,5.51,6.36,0.66
198506,2.72,1.51,1.55,-0.8,-0.68,4.5,1.56,2.29,3.63,2.95,0.55
198507,-2.58,2.4,3.47,-0.33,4.46,-4.54,-4.05,-0.4,-4.7,-0.15,0.62
198508,0.76,-2.62,-1.14,1.39,-2.52,0.52,-0.62,-0.8,1.92,-0.46,0.55
198509,-0.65,-3.26,-3.93,-1.31,-4.76,-4.2,-4.31,-3.89,-5.31,-4.92,0.6
198510,3.58,0.87,3.3,6.15,3.06,4.07,6.8,3.19,6.3,6.37,0.65
198511,8.48,9.98,7.85,0.48,8.66,7.37,7.89,9.78,4.24,7.41,0.61
198512,5.42,7.18,4.57,-3.15,8.28,6.2,4.58,3.48,4.85,4.49,0.65
198601,1.84,2.19,1.54,-6.77,-0.28,-3.94,1.48,1.14,3.78,3.54,0.56
198602,10.81,10.92,10.18,0.76,4.99,7.38,7.68,6.08,6.55,8.34,0.53
198603,8.02,7.91,6.02,0.01,-0.07,3.79,8.65,12.05,3.95,5.76,0.6
198604,0.43,-3.55,-1.73,0.71,3.92,2.43,0.15,0.72,-3.89,-2.64,0.52
198605,8.85,3.18,4.45,7.31,0.98,4.8,9.88,7.24,3.62,4.68,0.49
198606,6.24,-1.26,0.02,-2.34,-3.97,5.43,3.86,5.67,5.08,1.53,0.52
198607,-5.7,-9.04,-7.28,-5.24,-8.34,-3.02,-9.52,-5.36,5.14,-6.43,0.52
198608,2.62,7.52,6.16,16.65,6.97,6.87,1.73,4.01,7.9,6.92,0.46
198609,-10.82,-8.18,-6.79,-0.94,-7.08,-9.29,-8.41,-12.57,-9.09,-8.81,0.45
198610,8.86,6.49,6.47,2.04,0.62,4.66,7.45,7.93,5.24,4.26,0.46
198611,0.74,4.83,2.83,3.06,3.53,3.94,1.83,1.35,0.55,-0.61,0.39
198612,-3.19,-2.19,-1.91,-0.49,-3.68,-3.73,-6.27,-1.25,-3.31,-2.54,0.49
198701,14.51,18.81,14.33,13.9,16.46,5.31,11.53,13.16,9.3,11.17,0.42
198702,5.62,3.47,4.79,-1.68,9.41,0.04,9.87,11.28,-2.15,4.69,0.43
198703,1.07,4.63,3.24,12.26,2.68,1.43,1.75,0.15,-1.66,-0.3,0.47
198704,-3.66,4.08,-1.38,0.17,4.39,-2.42,-2.85,-2.46,-4.33,-4.1,0.44
198705,2.58,-1.41,0.5,3.05,0.29,3.33,-0.11,1.23,-1.85,-0.02,0.38
198706,6.82,2.98,5.09,5.72,0.01,7.04,6.52,4.76,3.39,4.62,0.48
198707,5.68,6.96,7.2,3.28,1.03,6.01,5.89,5.75,-1.68,3.61,0.46
198708,3.73,5.68,2.7,1.78,7.4,5.1,3.33,2.2,3.71,4.33,0.47
198709,-2.75,-3.98,0.34,-3.86,-2.71,2.99,-6.34,-2.55,-2.31,-1.79,0.45
198710,-21.03,-26.93,-27.33,-18.33,-25.93,-12.35,-28.25,-20.46,-6.94,-23.6,0.6
198711,-8.02,-8.52,-5.16,-10.59,-9.8,-8.92,-8.49,-9.31,-2.53,-6.6,0.35
198712,7.52,8.61,10.84,6.63,11.86,4.27,8.54,5.34,0.57,5.43,0.39
198801,3.02,4.48,0.39,8.68,-2.44,9.76,5.64,6.37,9.76,6.39,0.29
198802,6.01,6.27,7.52,3.53,7.47,1.32,10.53,4.2,-1.43,4.31,0.46
198803,-1.52,-4.17,-1.17,2.47,-4.65,-3.82,-1,-2.55,-3.17,-1.33,0.44
198804,-0.07,2.9,1.63,4.54,2.59,0.67,1.74,-1.99,-0.29,-0.38,0.46
198805,-0.3,1.23,-0.31,-0.52,-1.31,2.17,-1.37,-0.26,3.59,0.96,0.51
198806,3.41,8.26,7.43,-2.05,9.4,3.01,6.68,2.68,3.23,6.02,0.49
198807,1.62,-0.82,-2.36,3.5,-5.1,0.02,-0.8,0.49,-0.26,-0.53,0.51
198808,-0.22,-6.68,-4.42,-1.5,-8.19,-3.05,-2.56,-1.08,-0.13,-0.91,0.59
198809,6.49,3.9,3.43,-2.41,2.84,7.36,8.05,3.86,2.71,4.14,0.62
198810,8.16,3.33,0.69,1.82,0,2.8,1.7,1.22,2.53,0.01,0.61
198811,-1.14,-0.94,-2.15,-0.31,-3.15,0.34,-2.84,-2.16,-0.46,-2.13,0.57
198812,3.51,0.26,3.12,1.83,4.89,1.62,1.48,1.83,1.02,0.91,0.63
198901,5.64,7.6,7.52,6.32,7.09,8.96,6.37,6.8,2.76,6.88,0.55
198902,-1.4,-2.99,-2.09,-1.31,-3.76,-1.22,-1.79,-1.15,-1.82,-0.38,0.61
198903,5.43,-1.41,1.2,3.82,-5.49,5.56,2.88,4.96,0.57,3.41,0.67
198904,5.73,0.47,5.33,2.61,5.19,9.63,5.53,5.41,3.9,4.64,0.67
198905,5.37,2.3,3.64,2.82,2.46,5.79,5.27,3.43,5.34,4.2,0.79
198906,1.48,1.28,-2.68,-0.96,-3.26,-0.03,-2.06,-2.74,3.4,0.93,0.71
198907,11.98,5.12,7.63,3.76,2.95,8.57,9.14,13.89,5.8,8.14,0.7
198908,-1.99,5.43,4.43,3.36,2.53,1.02,2.7,0.37,-0.8,3.41,0.74
198909,-0.54,-4.6,-2.53,1.41,-2.71,3.81,-2.23,2.38,0.48,1.42,0.65
198910,-2.49,-5.7,-4.36,0.46,-4.42,-2.03,-4.11,0.39,1.01,-4.85,0.68
198911,1.68,-1.18,3.06,3.93,-1.81,1.99,1.37,4.53,3.23,-0.02,0.69
198912,1.36,-1.45,2.99,5.86,-1.09,5.73,1.25,1.05,4.79,-1.5,0.61
199001,-9.43,-3.84,-6.29,-4.14,-1.28,-13.4,-6.24,-7.37,-5.35,-8.83,0.57
199002,-0.4,5.13,2.55,3.03,4.11,-0.34,1.92,-2.06,0.22,2.54,0.57
199003,4.54,2.9,3.91,-0.48,4.46,4.18,5.3,3.86,-0.75,-0.31,0.64
199004,-0.27,-4.04,-2.74,-3.59,-2,-3.46,-1.91,0.29,-5.51,-3.47,0.69
199005,9.04,7.76,8.08,5.95,12.54,9.4,11.7,12.76,5.42,9.06,0.68
199006,2.03,-2.25,-0.6,-2.08,-1.17,-4.7,1.62,4.44,0.75,-1.56,0.63
199007,-0.81,-3.48,0.22,8.23,-7.43,-4.59,-4.01,2.59,0.88,-3.46,0.68
199008,-7.36,-14.27,-12.07,-1.2,-12.04,-10.72,-12.17,-6.82,-6.63,-11.4,0.66
199009,-4.11,-10.58,-8.04,-1.59,-6.66,1.29,-8.42,-4.35,0.48,-9.98,0.6
199010,2.45,-3.22,-1.82,-4.2,-3.5,2.8,-3.07,1.43,7.23,-6.36,0.68
199011,6.55,4.11,7.4,1.63,11.19,3.1,10.37,9.45,2.3,10.64,0.57
199012,4.41,-0.44,4.89,-2.17,4.18,1.75,3.39,2.75,0.8,5.45,0.6
199101,5.15,7.29,6.44,-2.01,14.96,0.18,9.41,4.53,-1.37,7.48,0.52
199102,10.29,10.24,5.96,8.39,6.41,3.41,8.04,9.85,4.83,9.69,0.48
199103,4.78,1.16,1.36,1.28,0.75,2.34,8.61,5.43,1.71,3.06,0.44
199104,-0.96,-2.35,0.39,2.53,-2.89,1.12,1.96,-1.12,-0.03,1.3,0.53
199105,3.59,14.72,7.38,-1.39,3.61,-1.45,7.53,4.61,0.16,4.99,0.47
199106,-4.95,-4.46,-4.21,-3.7,-8.82,-1.9,-4.18,-4.16,-2.37,-5.21,0.42
199107,5.67,-0.41,3.17,5.02,4.63,3.2,5.4,8.44,3.99,4.69,0.49
199108,5.4,-2.14,1.96,1.75,2.81,0.84,3.68,2.86,3.53,3.1,0.46
199109,-3.25,-2.68,-2.29,-0.7,-1.3,0.54,-3.25,-0.4,3.73,-0.56,0.46
199110,-0.62,-1.99,1.52,2.03,1.99,2.11,-1.96,6.64,1.23,2.33,0.42
199111,-0.52,-7.97,-5.45,-7.67,-4.37,-4.92,-1.21,-2.55,1.89,-5.37,0.39
199112,14.63,7.64,11.51,1.94,9.13,9.83,13,16.47,5.01,12.6,0.38
199201,-3.05,10.49,2.2,-4.15,6.63,-2.62,0.33,-5.55,-4.58,2.11,0.34
199202,1.1,12.28,2.04,-0.52,3.86,-1.21,2.6,-2.59,-1.23,3.15,0.28
199203,-1.56,0.79,-1.25,-2.78,-5.17,-0.98,-1.33,-5.46,-0.53,-2.15,0.34
199204,0.74,7.9,2.99,9.47,-1.02,6.85,-3.48,-2.15,2.68,0.52,0.32
199205,1.38,-1.92,-0.55,3.2,0.03,-1.7,0.18,1.08,2.54,1.53,0.28
199206,-2.88,2.16,-3.31,-3.48,-4.09,1.24,-1.9,-4.68,0.54,-0.01,0.32
199207,4.67,0.43,3.02,5.35,2.98,5.37,3.84,5.72,6.69,3.2,0.31
199208,0.85,-9.46,-3.53,2.57,-4.55,-1.05,-0.55,-3.3,-0.49,-3.41,0.26
199209,1.1,0.29,1.81,0.14,3.36,1.81,4.04,-4.9,0.82,3.46,0.26
199210,-0.85,0.06,0.82,-3.46,2.12,-0.53,4.32,3.32,-0.42,2.96,0.23
199211,3.65,8.64,3.96,-2.64,6.35,4.29,7.19,4.87,-0.24,6.02,0.23
199212,0.08,3.37,1.48,1.92,0,5.57,0.61,-1.4,2.7,3.83,0.28
199301,-0.78,9.48,-0.04,2.75,4.84,1.16,0.03,-6.77,2.45,3.28,0.23
199302,-2.05,-0.28,1.65,6.01,-0.35,5.72,-1.52,-8.94,6.21,0.42,0.22
199303,0.01,5.45,2.25,4.1,2.21,3.26,2.77,0.81,1.77,3.9,0.25
199304,-9.24,2.31,-0.09,1.18,-3.68,-2.87,-8.14,1.31,-0.15,-3.22,0.24
199305,2.67,1.08,2.38,1.74,8.78,4.23,5.87,3.61,-0.06,1.71,0.22
199306,-0.75,3.31,-0.21,-1.12,-0.43,4.64,-2.89,-2.93,3.18,2.21,0.25
199307,-2.36,1.68,-0.02,0.48,-3.89,2.15,0.65,-5.99,1.95,2.06,0.24
199308,4.28,0.5,3.43,4.22,6.41,5.47,3.97,3.06,3.67,3.46,0.25
199309,-1.79,0.82,-1.96,1.44,1.33,-0.48,-0.32,0.92,-0.63,1.69,0.26
199310,6.09,7.51,3.17,-1.87,1.6,2.59,4.61,6,-1.96,-2.28,0.22
199311,0.67,0.84,1.18,-5.89,0.01,-6.04,0.67,1.11,-5.51,-2.8,0.25
199312,1.46,4.51,3.73,0.53,2.98,-0.44,-2.09,2.49,1.61,2.61,0.23
199401,-0.44,6.96,4.82,4.86,4.72,2.01,0.63,1.92,-1.22,4.41,0.25
199402,-1.28,-4.36,-0.61,-2.97,1.66,-5.53,1.98,-5.55,-4.95,-3.9,0.21
199403,-4.05,-6.42,-4.39,-3.63,-3.89,-3.74,-4.61,-6.72,-3.93,-4.29,0.27
199404,1.22,-0.45,0.09,4.13,-1.6,1.42,0.25,2.4,2.11,1.26,0.27
199405,-1.33,-2.77,2.09,0.89,2.09,1.66,-1.91,4.37,-5.35,3,0.31
199406,-1.83,-3.43,-2.57,-2.68,-5.23,0.71,-2.62,-3.69,-3.13,-2.64,0.31
199407,2.94,3.7,4.56,3.3,3.87,3.2,0.79,1.04,5.16,2.65,0.28
199408,6.05,-0.23,4.74,-0.06,9.34,1.16,4.55,10.71,0.66,3.47,0.37
199409,-0.32,-5.06,-1.66,-2.08,-0.51,-1.1,-2.29,1.73,-2.78,-4.23,0.37
199410,2.16,-1.46,0.58,7.37,7.26,-0.09,1.21,0.88,1.56,0.15,0.38
199411,-1.66,-5.07,-5.44,-4.84,-2.14,-5.45,-3.38,0.43,0.26,-5.18,0.37
199412,1.32,3.83,4.06,-0.99,2.47,0.9,-2.83,0.52,0.35,1.47,0.44
199501,1.84,-5.84,-0.4,0.37,-0.81,4.2,1.54,6.15,6.23,4.72,0.42
199502,3,5.07,5.5,4.48,6.77,1.51,2.66,2.24,0.82,4.86,0.4
199503,2.73,1.44,3.5,5.27,4.53,0.28,3.49,2.69,-1.75,1.98,0.46
199504,1.84,1.41,2.98,2.34,8.29,1.59,-1.68,3.07,2.38,1.61,0.44
199505,4.72,4.84,3.18,4.08,3.05,0.63,2.72,1.63,6.01,4.47,0.54
199506,1.69,0.83,2.08,-3.09,9.81,3.86,4.95,4.46,-0.46,2.15,0.47
199507,1.25,2.65,3.53,2.3,7.91,5.14,3.54,5.31,-0.38,4.87,0.45
199508,0.68,0.72,-0.17,-1.61,-0.08,4.33,-2.78,1.04,0.98,3.72,0.47
199509,6.69,-0.52,2.25,1.31,1.26,5.63,2.78,7.45,6.24,4.57,0.43
199510,0.36,-4.78,-2.7,-0.24,1.48,-0.12,-5.5,1.15,1.48,-2.05,0.47
199511,4.51,5.45,6.53,4.76,-0.73,2.67,6.15,4.95,1.56,6.17,0.42
199512,1.7,3.15,1.53,5.79,-4.21,3.93,-0.82,5.93,5.06,1.13,0.49
199601,2.67,3.49,3.37,-0.36,1.93,2.33,-0.35,5.95,1.91,3.52,0.43
199602,3.12,2.02,0.89,1.05,6.36,-2.19,4.32,-1.07,-2.58,2.23,0.39
199603,-0.94,4.28,3.48,4.98,-3.45,-1.87,5.97,0.24,-0.47,1.7,0.39
199604,0.1,3.54,1.62,3.44,10.06,2.7,4.23,-0.6,-2.59,0.19,0.46
199605,6.56,2.24,2.34,0.48,3.88,0.06,4.38,3.93,1.35,1.58,0.42
199606,3.24,-4.93,-0.46,0.92,-4.94,0.44,-1.62,-0.19,5.21,-0.25,0.4
199607,-4.1,-4.18,-3.98,-4.67,-7.55,-8.54,-7.53,-6.05,-5.82,-4.32,0.45
199608,-0.74,3.16,3.22,2.97,4.43,-0.92,5.84,4.19,2.89,3.91,0.41
199609,3.68,2.39,6.14,4,10.59,1.52,3.52,7.34,0.67,5.07,0.44
199610,1.78,0.13,1.6,5.84,-1.25,-0.73,-2.21,-0.69,3.61,3.95,0.42
199611,5.13,6.01,6.09,5.53,12.03,5.65,3.13,6.67,2.61,7.54,0.41
199612,0.52,-3.19,-0.4,0.8,-2.56,2.63,-3.46,-2.68,0.14,-1.8,0.46
199701,5.58,3.16,4.25,4.32,9.4,2.34,0.16,9.59,0.9,6.03,0.45
199702,4.09,0.35,0.8,-5.69,-7.46,2.28,3.1,0.95,-0.57,2.6,0.39
199703,-5.12,-3.94,-3.73,5.21,-5.56,-7.6,-1.29,-7.41,-2.76,-5.89,0.43
199704,5.19,2.31,5.31,0.05,8.19,2.54,2.2,6.15,-1.39,5.23,0.43
199705,5.89,6.67,7.82,7.33,10.14,6.64,6.03,6.91,3.77,6.25,0.49
199706,3.53,3.9,5.19,1.31,1.35,3.78,5.03,8.9,3.06,5.37,0.37
199707,3.35,7.46,7.15,7.4,15.98,2.75,7.77,2.06,2.81,9.23,0.43
199708,-6.24,1.37,-5.52,0.24,-1.32,-2.28,-2.58,-6.14,-1.16,-4.8,0.41
199709,5.56,5.34,3.31,6.3,3.47,9.68,5.2,6.61,4.65,7.91,0.44
199710,-3.14,-3.3,-5.89,-2.01,-8.41,3.33,-2.22,0.26,0.94,-2.62,0.42
199711,6.45,-1.63,4.22,-3.55,1.46,10.26,5.36,2.86,7.14,3.02,0.39
199712,3.77,4.1,-0.24,-1.51,-4.2,4.56,-0.24,3.55,7.97,5.35,0.48
199801,-2.89,0.55,0.74,-5.73,5.24,4.84,0.93,5.73,-4.37,-2.12,0.43
199802,5.14,12.28,7.13,6.83,10.42,2.62,10.4,5.45,2.65,8.2,0.39
199803,5.72,6.24,4.89,4.8,1.31,9.81,6.54,3.61,6.77,5.79,0.39
199804,-3.1,0.99,1.24,3.8,5.11,-3.03,-0.41,1.92,-2.51,1.82,0.43
199805,1.08,7.2,-2.46,-4.2,-6.97,-1.65,2.14,-2.47,-0.88,-3.01,0.4
199806,3.8,1.8,-0.58,-1.36,8.77,3.21,4.79,6.18,2.84,3.14,0.41
199807,-4.07,-1.32,-5.77,-6.79,0.49,3.79,-3.1,-0.22,-5.34,-1.71,0.4
199808,-12.99,-19.17,-14.3,-10.41,-17.6,-11.81,-14.23,-12.26,2.25,-21.35,0.43
199809,1.3,1.55,0.59,13.01,15.2,10.14,1.49,12,7.98,2.67,0.46
199810,10.8,11.71,11.22,1.28,6.31,6.72,10.56,3.85,-1.76,8.98,0.32
199811,6.33,4.84,3.58,0.45,11.64,3.69,9.55,6.18,1.35,6.2,0.31
199812,0.51,4.26,2.33,-1.16,15.28,14.35,8.97,5.02,2.83,3.61,0.38
199901,-3.41,5.43,0.59,-5.51,15.1,8.71,2.36,0.24,-6.26,1.11,0.35
199902,-3.78,-4.31,-1.96,-3.17,-11.46,-2.91,-1.52,0.23,-3.78,-0.01,0.35
199903,-1.96,-0.84,4.74,15.42,8.51,-0.69,2.81,2.55,-1.69,2.4,0.43
199904,3.76,10.33,9.29,15.91,2.34,8.29,0.49,-5.54,7.18,6.76,0.37
199905,1.41,-5.54,-3.21,-3.13,-0.64,1.04,-2.89,-2.05,6.72,-3.52,0.34
199906,0.33,0.59,4.58,-1.48,11.72,5.84,7.92,4.49,-4.29,3.25,0.4
199907,-2.48,-5.97,-1.1,1.65,-1.79,-1.61,-5.06,-4.44,-0.61,-6.05,0.38
199908,-4.63,1.12,-0.35,1.86,5.46,-7.56,-6,3.72,0.62,-5.13,0.39
199909,-6.77,-7.76,-2.82,-3.88,-0.19,4.4,1.42,-7.09,-4.31,-4.35,0.39
199910,6.45,4.44,4.32,-1.58,3.26,9.51,3.36,10.78,2.17,11.41,0.39
199911,-1.22,-1.93,-1.07,3.78,12.91,4.34,4.16,1.5,-7.45,-2.23,0.36
199912,-2.5,2.87,9.77,0.68,20.75,4.21,6.53,-5.64,-2.34,1.48,0.44
200001,-4.79,-0.87,-7.97,0.9,-4.71,-3.98,-11.25,7.56,5.75,-4.62,0.41
200002,-6.19,-7.95,-4.24,-5.44,18.21,-3.46,-3.91,-2.88,-7.26,-6.98,0.43
200003,7.76,10.51,8.34,12.26,3.94,7.53,13.33,0.28,5.77,14.11,0.47
200004,-1.82,9.26,1.01,-1.98,-10.71,-7.9,-4.3,5.25,7.6,-3.4,0.46
200005,7.24,-13.22,-1.44,9.44,-10.84,-10.45,-2.69,3.94,3.9,3.39,0.5
200006,2.39,-9.48,-1.16,-5.17,13.04,4.21,-2.29,11.52,-4.76,-2.75,0.4
200007,0.79,4.61,-0.62,-2.61,-5.18,-7.36,-1.35,-6.16,4.43,5.52,0.48
200008,-1.81,4.57,6.95,8.91,12.56,-1.04,-2.45,3.58,11.72,9.05,0.5
200009,3.46,-4.1,-6.04,4.37,-15,-4.03,2.72,3.72,9.63,0.32,0.51
200010,7.63,1.87,4.61,-3.05,-7.31,-0.37,-1.45,2.6,-2.24,-1.05,0.56
200011,2.78,-11.21,-3.64,-2.95,-23.38,-15.58,-1.35,0.79,3.1,-5.99,0.51
200012,5.46,1.07,7.1,7.75,-7.95,-4.22,5.62,3.53,6.58,7.18,0.5
200101,-1.92,13.2,-0.04,-3.39,16.52,14.26,6.61,-8.94,-10.77,0.08,0.54
200102,0.18,-1.25,-4.26,0.12,-26.01,-9.95,-5.34,-0.5,6.24,-4.41,0.38
200103,-4.65,-3.06,-7.3,-0.31,-13.61,-5.85,-2.87,-8.44,1.64,-4.17,0.42
200104,0.93,8.44,8.51,10.32,18,2.66,5.6,3.99,5.46,5.84,0.39
200105,3.35,-2.32,2.86,0.09,-3.33,-1.31,1.59,3.03,0.01,3.7,0.32
200106,-1.61,3.48,-4.49,-7.71,1.47,-3.07,-2.49,-2.85,-6.22,0.03,0.28
200107,-0.18,3.28,0.56,-2.55,-7.62,-0.73,4.59,2.3,-3.66,-2.3,0.3
200108,2.51,-11.36,-1.96,-3.59,-12.66,-9.26,-6.98,-3.11,0.42,-5.35,0.31
200109,-2.57,-16.9,-12.75,-5.65,-18.96,-2.46,-9.6,-0.59,-6.39,-8.3,0.28
200110,1.08,0.9,3.91,4.78,15.69,-9.42,1.64,1.18,1.41,-0.56,0.22
200111,2.08,15.5,8.36,-4.11,15.94,6.03,10.14,5.04,-1.63,7.92,0.17
200112,2.02,-0.91,2.66,6.16,-0.59,2.75,4.51,-2.88,3.85,3.31,0.15
200201,1.92,2.94,1.66,-2.99,-0.57,-7.22,2.76,-2.36,-4.07,-2.96,0.14
200202,4.36,3.05,4.31,5.19,-13.25,-2.39,-0.09,-0.51,-0.25,-0.53,0.13
200203,3.74,6.92,4.93,7.81,6.45,0.32,2.03,0.46,10.04,5.43,0.13
200204,2.66,1.74,-1.49,-4.4,-11.79,-12.7,-1.38,-7.59,-0.56,-3.72,0.15
200205,1.44,-0.21,-0.29,-0.59,-3.81,2.98,-1.26,-2.23,-6.47,-0.41,0.14
200206,-5.79,-8.11,-3.13,-0.44,-12.23,-14.39,-5.08,-9.6,-5.36,-5.39,0.13
200207,-6.72,-12.26,-8.51,-11.95,-9.63,-11.69,-11.31,-2.55,-12.3,-6.43,0.15
200208,2.49,0.38,-1.27,0.54,-0.87,0.34,1.9,0.66,3.38,1.14,0.14
200209,-7.68,-11.08,-8.26,-8.13,-16.74,-9.32,-9.4,-5.86,-10.86,-10.69,0.14
200210,5.22,-3.3,3.89,3.28,19.41,21.34,5.7,5.69,-0.68,6.38,0.14
200211,-1.27,12.07,6.23,3.17,16.14,11.83,1.93,3.7,1.62,4.61,0.12
200212,0,-7.26,-3.76,0.76,-13.03,-9.07,-6.94,-4.06,3.85,-4.97,0.11
200301,-4.78,-3.23,-4.07,-2.41,-1.47,-3.48,-4.77,-0.59,-3.17,-2.31,0.1
200302,-3.11,-5.05,-2.16,1.98,1.27,-6.44,-1.21,-1.94,-3.92,-2.62,0.09
200303,-2.67,-2.76,1.31,1.18,-0.97,-0.57,4.61,3.79,4.35,0.76,0.1
200304,4.7,15.18,6.39,-0.57,9.27,11.17,8.9,4.32,7.44,11.8,0.1
200305,9.22,2.85,4.63,8.91,9.77,6.22,3.41,3.91,10.11,5.31,0.09
200306,1.57,2.68,0.54,-1.21,0.25,1.96,3.46,4.11,0.66,0.93,0.1
200307,-2.33,6.6,4.95,-2.7,5.67,-1.62,3.32,0.62,-5.25,3.54,0.07
200308,0.66,7.86,4.19,6.26,6.05,1.39,6.76,-2.53,1.91,0.61,0.07
200309,1.11,-4.07,-3.75,-2.31,-0.89,-5.66,-4.53,0.23,3.9,0.33,0.08
200310,5.59,6.97,8.86,1.54,8.23,6.69,9.03,0.72,1.58,6.43,0.07
200311,3.78,3.09,2.08,0.61,1.89,-0.63,0.58,1.63,0.94,1.12,0.07
200312,3.31,12.3,6.75,13.58,2.1,7.35,-2.13,5.68,5.81,4.46,0.08
200401,0.12,-1.12,-0.62,0.45,4.5,1.43,0.45,3.04,1.92,2.73,0.07
200402,4.28,-0.11,1.99,4.69,-2.93,-0.79,6.08,0.91,2.06,2.01,0.06
200403,-0.3,-1.15,-0.22,-0.16,-2.54,-2.42,0.3,-3.91,1.17,-0.6,0.09
200404,1.51,2.38,-0.19,2.48,-4.9,-0.49,-2.68,3.57,-3.51,-3.82,0.08
200405,-2.19,-1.61,1.59,0.42,4.83,-2.9,0.27,-0.38,1.28,2.08,0.06
200406,1.87,5.08,5.35,5.49,2.63,0.6,0.07,-0.38,2.01,1.52,0.08
200407,-5.81,-4.69,-4.04,3.28,-8.49,-1.28,-3.98,-5.87,1.05,-2.41,0.1
200408,0.83,-2.3,1.27,-1.24,-4.43,1.29,-1.15,1.66,3.67,1.93,0.11
200409,-1.76,2.45,1.91,8.88,3.29,1.36,2.58,-1.42,1.42,1.23,0.11
200410,2.87,-2.65,-1.37,0.66,5.03,3.42,3.08,-2.41,4.23,1.22,0.11
200411,4.52,7.18,7.17,6.56,5.84,3.44,3.61,0.66,4.92,4.96,0.15
200412,4.8,4.85,2.61,-2.09,3.19,4.33,3.43,5.66,2.41,4.42,0.16
200501,-0.08,-6.71,-1.78,3.02,-6.12,-3.91,-1.08,-4.06,1.76,-2.44,0.16
200502,0.6,-0.28,4.15,19.03,-0.18,-0.14,0.86,2.48,2.32,0.21,0.16
200503,-0.88,-7.56,-1.48,-3.27,-2.41,-0.12,0,-0.41,0.63,-2.4,0.21
200504,-1.02,-11.06,-4.75,-5.79,-4.54,-1.98,-5.34,3.95,2.1,-1.64,0.21
200505,2.27,8.65,2.89,2.17,7.75,1.45,6.39,1.46,1.7,3.39,0.24
200506,-1.61,1.77,-1.2,5.85,-1.57,0.17,2.47,-0.57,5.57,1.42,0.23
200507,2.41,5.21,5.8,6.14,6,2.98,5.84,3.73,2.99,2.45,0.24
200508,0.1,-2.73,-1.4,5.71,-0.58,-1.13,-5.57,-0.33,1.16,-1.7,0.3
200509,0.25,-4.8,0.75,7.05,0.75,-1.51,-1.75,-1.95,4.39,1.23,0.29
200510,-1.81,-4.17,-2.43,-10.01,-1.64,-3.1,1.62,-3.25,-6.85,1.24,0.27
200511,1.01,2.28,5.31,1.38,6.54,2.56,4,1.57,-0.19,4.94,0.31
200512,-0.16,-0.66,1.44,0.72,-1.81,-1.58,-0.61,2.39,1.23,0.18,0.32
200601,0.18,6.15,5.04,12.69,3.76,3.72,1.99,2.16,3.05,1.56,0.35
200602,1.15,-0.31,1.19,-8.22,-1.25,3.31,1.44,1.07,0.23,1.09,0.34
200603,1.23,2.77,2.96,4.2,2.97,1.83,2.41,-0.96,-3.64,1.85,0.37
200604,1.03,0.53,4.01,4.64,-1.08,1.68,-1.66,-1.94,1.85,2.26,0.36
200605,1.3,0.5,-3.31,-3.38,-6.8,-0.26,-1.93,-2.18,1.52,-3.23,0.43
200606,-0.08,1.92,-0.51,2.58,-1.18,2.86,0.27,-0.14,2.41,-0.3,0.4
200607,3.49,-3.16,-3.78,4.7,-3.91,2.31,-4.31,4.27,4.87,-1.12,0.4
200608,3.09,2.06,2.08,-3.56,7.18,2.34,2.05,2.29,2.35,1.63,0.42
200609,-0.31,4.27,1.91,-3.53,3.67,3.36,5.76,1.67,-2.15,3.36,0.41
200610,2.59,5.13,4.36,5.02,4.28,5.36,3.91,1.66,5.36,2.88,0.41
200611,1.44,1.86,3.58,8.56,3.02,0.8,-1.31,0.05,3.03,1.74,0.42
200612,1.98,-0.79,0.51,-2.07,-0.99,4.23,1.45,0.08,0.7,3.21,0.4
200701,1.35,2.71,3.22,-1.31,2.17,2.98,3.55,3.5,0.38,1.1,0.44
200702,-1.79,-0.43,0.8,-2.17,-2.49,-2.52,-0.63,-2.8,4.25,-2.32,0.38
200703,2.47,-1.07,1.58,5.99,0.91,2.31,0.73,-0.22,4.34,-0.27,0.43
200704,3.74,6.26,4.4,5.39,4.9,2.01,2.23,6.84,3.92,3.38,0.44
200705,2.81,3.42,4.84,7.19,3.89,6.81,2.51,1.12,1.2,3.36,0.41
200706,-0.86,2.12,-0.6,1.04,0.62,-1.72,-1.95,-3.4,-4.78,-2.69,0.4
200707,-4.26,-5.9,-0.1,-1.02,-1.25,-3.11,-5.36,-4.04,-3.82,-5.46,0.4
200708,1.83,-1.78,0.74,0.3,2.69,-0.87,1.4,2.31,1.93,0.88,0.42
200709,3.76,1.6,5.4,7.8,4.2,2.11,-0.72,3.58,3.57,2.68,0.32
200710,2.2,1.04,0.96,2.74,6.84,-2.13,1.07,1.43,6.69,-0.11,0.32
200711,1.04,-8.72,-2.64,-4,-7.39,-6.54,-3.77,0.02,-0.69,-6.31,0.34
200712,-1.11,-1.89,0.89,7.6,1.4,-0.37,-2.72,-4.07,0.89,-3.6,0.27
200801,-4.95,-5.94,-7.44,-9.34,-12.3,-7.81,-0.42,-4.55,-6.92,-2.01,0.21
200802,-0.22,-5.91,0.76,7.16,-3.69,-3.67,-4.85,-0.91,-3.01,-8.31,0.13
200803,1.18,-4.14,0.04,-2.8,0.74,-0.2,1.88,-1.8,0.88,-1.74,0.17
200804,-1.38,6.63,4.95,10.71,6.82,4.63,5.18,0.42,6.33,3.66,0.18
200805,3.67,1.75,3.32,4.37,5.4,4.85,1.05,1.63,3.57,-2.39,0.18
200806,-7.37,-19.3,-9.31,2.91,-8.95,-10.93,-8.1,-3.01,-0.58,-14.84,0.17
200807,1.97,-0.21,-0.22,-15.69,-0.83,-2.95,1.15,6.77,-7.23,4.33,0.15
200808,1.83,2.47,1.51,-0.17,2.36,3.9,5.38,1.8,-0.5,0.2,0.13
200809,-2.98,-9.19,-13.34,-12.46,-12.56,-12.77,-5.78,-5.95,-12.11,-6.83,0.15
200810,-12.25,-32.63,-20.75,-17.23,-18.24,-16.22,-15.12,-10.96,-11.07,-20.08,0.08
200811,-6.73,-11.44,-7.81,-0.45,-11.21,-2.31,-7.68,-7.36,1.08,-12.17,0.03
200812,0.4,1.3,1.41,-3.13,2.31,3.56,4.91,6.74,-2.08,1.41,0
200901,-3.75,-12.48,-9.22,-3.11,-3.12,-9.95,-7.62,-2.19,-0.81,-18.29,0
200902,-7.69,-12.82,-13.5,-11.95,-4.95,-7.06,-3.1,-9.93,-12.65,-14.03,0.01
200903,6.39,12.83,7.58,3.76,11.27,7.63,9.94,7.05,2.79,12.93,0.02
200904,4.82,42.63,17.51,5.2,12.36,10.34,9.55,-0.95,2.13,16.42,0.01
200905,6.72,-2.82,5.39,10.77,3.19,1.52,-0.9,6.25,4.66,7.7,0
200906,0.36,3.71,-1.71,-4.84,4.35,1.53,-0.32,3.53,4.66,-1.93,0.01
200907,7.41,18.43,11.41,5.31,8.25,5.51,6.75,5.53,4.35,8.98,0.01
200908,0.84,2.65,2.94,0.73,2.37,0.82,3.69,2.19,0.21,8.03,0.01
200909,4.36,3.08,6.45,5.19,5.24,6.56,2.38,2.4,2.33,3.25,0.01
200910,-0.78,-0.25,-2.71,2.23,-1.39,-3.42,0.06,-3.68,-2.74,-5.25,0
200911,3.86,9.46,7.6,3.17,4.96,6.67,5.04,8.22,4.51,5.83,0
200912,2.67,5.07,2.8,-0.55,5.9,6.26,1.97,2.45,5.86,1.26,0.01
201001,-2.28,-0.87,-3.27,-4.73,-7.83,-6.7,-1.85,0,-4.5,-1.67,0
201002,2.8,7.3,5.18,2.41,4.75,2.85,4.29,0.37,-0.43,3.38,0
201003,6.02,9.28,6.52,3.17,6.67,7.6,6.24,3.61,3.1,8.42,0.01
201004,-1.01,7.2,3.24,3.6,2.15,3.59,2.56,-2.23,2.86,2.16,0.01
201005,-5.66,-8.7,-8.31,-10.7,-7.66,-5.81,-5.34,-8.01,-6.31,-8.83,0.01
201006,-1.98,-10.31,-5.75,-6.41,-6.14,-3.98,-9.03,-1.63,-0.72,-7.65,0.01
201007,7.39,15.02,9.59,7.74,7.52,9.58,4.62,2.15,6.79,7.48,0.01
201008,-1.28,-9.48,-5.51,-3.38,-6.44,-2.13,-3.93,-1.66,0.41,-7.51,0.01
201009,6.21,13.63,10.11,9.64,12.43,7.97,12.08,9,3.64,8.83,0.01
201010,4.32,8.4,5.13,4.38,6.37,4.51,2.43,2.01,1.86,2.58,0.01
201011,0.13,7.28,1.47,5.59,-0.83,-1.89,4.18,-3.33,-1.31,0.51,0.01
201012,4.38,8.54,7.01,9.37,6.04,6.57,3.26,5.41,3.22,9.7,0.01
201101,-2.27,0.48,2.83,6.93,3.94,0.03,-0.88,-0.71,2.23,1.93,0.01
201102,4.88,-1.4,3.43,7.65,2.28,7.47,2.28,3.33,2.43,2.66,0.01
201103,2.78,1.73,1.84,1.91,-1.55,1.6,1.1,2.29,0.91,-0.87,0.01
201104,4.48,2.22,2.99,1.3,3.11,3.35,4.53,6.37,3.99,1.1,0
201105,1.8,-3.54,-2.15,-4.56,-1.69,0.91,0.83,1.96,1.3,-2.39,0
201106,-0.93,-1.23,-0.59,-2.49,-2.39,-1.34,-0.89,-1.84,-0.34,-2.05,0
201107,-0.4,-8.91,-4.7,0.56,-0.32,-4.87,-0.68,-3.65,-0.35,-3.72,0
201108,-0.79,-12,-6.09,-10.12,-6.9,-5.22,-2.88,-3.09,0.14,-7.59,0.01
201109,-4.93,-14.11,-11.03,-12.45,-4.87,-5.79,-3.89,-3.96,-1.63,-10.3,0
201110,6.57,23.2,14.07,16.39,11.92,7.58,9.78,5.54,6.68,13.26,0
201111,1.39,-8.01,1.4,1.72,-1.96,0.29,1.1,1.28,0.99,-1.59,0
201112,1.88,-1.16,-0.8,-0.56,-1.45,3.18,0.87,3.53,2.95,1.1,0
201201,0.54,13.51,6.74,1.39,8.15,2.44,4.04,3.38,-2.71,6.77,0
201202,3.67,6.02,3.83,6.54,6.71,4.78,3.19,1.23,1.26,3.89,0
201203,4.01,0.92,0.7,-3.25,4.7,2.5,4.61,3.96,1.44,4.76,0
201204,0.76,-6.98,-0.68,-1.68,-2.04,1.73,1,0.61,1.74,-1.67,0
201205,-2.56,-8.15,-7.79,-10.72,-7.85,-1.07,-3.09,-3.28,-0.93,-7.18,0.01
201206,3.28,-5.51,1.22,5.85,2.86,7.09,2.11,6.8,3.4,4.76,0
201207,1.46,0.3,0.88,2.79,-0.53,4.05,1.24,1.65,3.73,-0.97,0
201208,0.23,4.11,3.31,2.41,4.56,0.97,2.72,0.97,-3.34,2.79,0.01
201209,1.05,3.58,1.63,3.54,1.57,4.72,1.94,4.71,2.17,3.82,0.01
201210,-1.7,5.91,-0.66,-1.8,-6.34,-2.02,-1.02,-1.88,1.05,0.68,0.01
201211,3.19,3.11,2.64,-1.52,1.89,0.06,1.43,1.51,-3.68,-0.03,0.01
201212,-2.21,7.3,2.79,1.28,0.3,1.24,-1.11,-0.52,0.14,3.44,0.01
201301,5.21,3.54,6.03,7.7,2.5,4.71,5.54,8.08,5.08,6.88,0
201302,3.25,0.02,1.29,0.42,0.55,2.2,0.83,1.36,2.16,1.78,0
201303,5.01,4.02,2.61,2.07,2.62,5.55,4.73,6.52,5.64,4.01,0
201304,3.74,3.57,0.83,-1.35,0.53,4.38,2.68,2.58,5.05,0.88,0
201305,-2.29,9.9,3.38,3.03,4.32,-1.87,2.23,1.63,-6.99,5.96,0
201306,-0.01,-0.49,-2,-2.37,-2.85,1.95,-0.03,-1.36,0.79,-1.16,0
201307,3.03,8.98,6.04,5.02,5.97,3.73,5.9,7.89,4.58,5.3,0
201308,-3.94,-1.11,-1.86,-1.87,-0.06,-3.28,-4.25,-3.8,-4.41,-3.66,0
201309,1.94,6.44,5.27,1.91,3.88,4.12,4.48,4.03,1.04,3.8,0
201310,4.61,0.89,4.56,4.78,3.88,5.62,5.09,3.83,3.34,3.75,0
201311,1.29,1.97,2.98,0.93,3.52,0.47,3.66,4.5,-1.8,4.47,0
201312,2.5,1.13,3.04,2.97,4.17,3.72,0.26,0.64,1.79,3.06,0
201401,-5.71,-3.62,-4.33,-7.04,-1.16,-3.94,-6.48,1.64,2.49,-4.36,0
201402,3.55,7.92,5.39,5.7,5.22,2.78,5.3,6.48,3.07,3.43,0
201403,3.14,-1.01,0.29,2.44,-0.88,0.05,-0.59,-2.56,2.68,2.3,0
201404,1.22,0.27,0.79,5.67,-1.19,0.23,-0.91,-0.3,3.97,-1.55,0
201405,3.37,0.64,1.34,0.87,3.42,4.06,0.94,1.89,0,1.76,0
201406,1.26,4.38,1.41,4.15,3,1.6,1.26,2.86,5.42,2.08,0
201407,-4.37,-4.63,-4.18,-3.58,0.34,0.5,-2.29,-0.33,-6.47,-2.12,0
201408,5.65,5.2,4.78,2.27,4.21,0.5,5.15,5.44,5.38,4.42,0
201409,-0.09,-9.42,-2.39,-8.02,-1.35,-1.67,-1.44,-0.08,-3.41,-1.02,0
201410,2.64,3.86,2.36,-4.44,1.31,1.42,3.02,5.77,6.69,3.29,0
201411,4.81,4.74,2.24,-9.87,4.23,3.1,7.44,2.67,0.29,2.79,0
201412,-2.39,0.58,-0.17,0.42,-1.33,-1.82,1.59,-0.88,1.84,1.06,0
201501,-0.63,-4.19,-3.84,-4.39,-3.32,-4.77,-0.32,1.56,1.18,-6.08,0
201502,5.02,8.08,6.23,4.82,8.15,9.09,5.55,4.32,-4.37,6.83,0
201503,-2.39,-0.4,-2.01,-2.64,-2.46,-2.25,0.7,0.86,-0.28,-0.8,0
201504,0.71,-0.93,-0.65,6.94,1.43,3.35,-2.18,-1.38,0.3,0.48,0
201505,1.5,1.03,0.99,-5.07,1.92,0.76,0.91,4.89,-0.51,1.67,0
201506,-1.32,-1.49,-1.87,-3.84,-3.47,-0.45,-0.6,0.08,-5.37,-0.33,0
201507,4.79,-2.29,-2.11,-8.99,2.48,1.45,4.77,3.67,2.62,2.02,0