date,NoDur,Durbl,Manuf,Enrgy,HiTec,Telcm,Shops,Hlth ,Utils,Other
192607,1.45,15.56,4.7,-1.17,2.91,0.83,0.12,1.78,7.05,2.17
192608,3.97,3.69,2.82,3.48,2.67,2.17,-0.7,4.26,-1.68,4.39
192609,1.14,4.81,1.16,-3.38,-0.37,2.41,0.22,0.7,2.05,0.3
192610,-1.24,-8.22,-3.62,-0.77,-4.57,-0.11,-2.28,-0.56,-2.62,-2.84
192611,5.21,-0.18,4.11,0.02,4.72,1.63,6.44,5.43,3.72,2.12
192612,0.82,9.9,3.75,2.83,-0.01,1.99,0.63,0.12,-0.16,3.41
192701,-0.67,-0.91,-0.07,1.3,-1.12,1.88,-2.54,5.06,-1.78,1.52
192702,3.37,8.92,5.82,1.48,4.46,3.97,3.62,1.72,4.54,5.07
192703,2.73,1.63,1.44,-6,1.46,5.56,-0.4,1.02,0.38,1.28
192704,3.35,3.16,0.78,-5.16,5.41,-2.13,4.47,2.75,1.72,0.87
192705,8.14,5.94,5.08,4.83,7.38,3.35,2.35,4.13,9.22,6.44
192706,-1.79,-2.99,-2.76,-3.15,3.29,-2.14,-0.61,0.55,-3.56,-2.1
192707,4.81,13.1,12.08,2.86,12.17,3.73,9.85,9.85,5.32,6.1
192708,2.76,6.99,2.9,-0.03,5.72,0.43,7.35,0.29,3.44,-1.05
192709,5.24,5.68,4.77,3.33,1.22,6.53,7.51,5.66,8.3,4.61
192710,-0.8,-4.37,-6.68,-2.03,-7.22,-2.09,-4.92,5.14,-4.33,-3.78
192711,6.83,6.4,10.85,4.17,10.81,2.83,11.68,3.69,6.33,4.51
192712,2.47,7.78,3.09,0.9,1.23,1.33,-0.67,-0.45,2.25,1.99
192801,0.52,-3.33,-0.57,-1.85,-0.38,0.3,-0.87,2.7,5.88,-0.98
192802,-4.18,1.27,-1.87,-0.21,-0.45,-0.3,-1.11,-1.37,-0.67,-1.99
192803,4.41,27.5,8.2,5.33,19.43,1.96,8.5,10.55,6.63,6.1
192804,-0.46,1.47,1.51,15.13,2.24,3.22,0.01,2.36,10.95,4.23
192805,0.9,5.66,3.54,-5.28,2.31,6.61,3.8,9.28,1.52,0.02
192806,-4.41,-4.07,-4.92,-4.06,-5.02,-5.22,-3.39,-3.14,-3.42,-4.26
192807,1.68,0.95,2,1.06,0.66,-1.28,5.45,2.4,-1.23,-0.35
192808,6.11,9.05,8.68,2.42,9.76,4.55,13.54,14.58,6.47,4.76
192809,1.14,7.89,4.18,5.35,0.67,0.15,0.18,-1.13,3.77,1.99
192810,0.9,0.09,4.34,2.05,1.86,2.97,5.91,0.06,-1.88,-0.41
192811,6.62,4.52,13.09,17.24,19.57,6.68,15.3,5.06,21.94,10.03
192812,-0.52,-1.21,3.09,-4.35,7.14,-0.38,-1.31,-0.4,1.58,0.46
192901,3.38,1.31,11.03,-7.58,10.47,13.38,-3.87,3.44,13.18,5.6
192902,-2.62,-0.02,3.41,-0.09,-0.7,-1.15,-2.4,0.06,-1.98,0.03
192903,-4.62,-1.87,-1.82,11.04,4.51,4.29,-5.12,-1.49,-3.16,-2.15
192904,1.8,-0.97,2.31,0.75,1.79,3.39,3.76,1.49,5.14,0.45
192905,-3.98,-15.04,-9.78,-5.56,0.34,-8.77,-8.64,-7.83,4.81,0.04
192906,5.32,7.02,13.29,1.15,17.19,13.7,9.48,4.53,23.48,5.74
192907,3.23,-2.94,4.06,0.17,9.25,13.68,0.97,2.6,9.15,6.62
192908,4.77,3.01,9.35,11.37,12.55,10.98,7.81,3.1,9.06,7.83
192909,-3.6,-8.34,-7.16,-2.94,-7.55,-1.37,-5.37,-7.01,1.33,-6.43
192910,-10.64,-28.93,-19.6,-10.06,-27.72,-15.39,-23.99,-18.01,-30.03,-11.87
192911,-8.45,-17.3,-14.12,-6.41,-19.23,-9.47,-12.58,-7.89,-14.63,-9.57
192912,0.7,4.91,1.51,-1.17,10.79,1.01,-5.97,1.12,7.95,-0.48
193001,5.7,5.96,6.91,-0.75,10.62,1.2,4.74,2.56,7.26,4.77
193002,2.15,2.45,2.15,-4.48,7.76,7.06,-5.12,3.16,8.58,3.3
193003,2.12,11.38,6.9,17.95,8.13,8.79,-2.43,6,9.73,4.8
193004,0.55,-7.8,-7.41,6.56,1.98,-4.52,2.61,-1.26,3.35,-6.54
193005,1.36,4.13,-1.77,-3.72,-4.39,0.4,-0.15,-1.48,-1.32,-0.92
193006,-11.04,-22.26,-16.45,-15.46,-19.73,-8.34,-16.14,-13.33,-19.05,-11.81
193007,3.14,12.11,4.76,5.19,4.08,1.27,2.71,6.53,4.07,3.47
193008,1.98,-1.88,-0.05,-3.19,2.22,1.74,4.97,7.72,1.19,-0.35
193009,-8.96,-16.72,-13.69,-15.45,-18.23,-5.27,-10.9,-8.69,-11.91,-10.55
193010,-4.85,-11.63,-9.9,-8.36,-17.34,-4.12,-8.6,-4.36,-8.27,-8.42
193011,0.18,5.38,-0.41,-3.71,-3.25,-3.27,2.75,-3.22,-8.73,-5.16
193012,-4.59,-1.25,-8.2,-12.31,-10.75,-3.8,-13.43,-6.78,-3.68,-8.8
193101,5.4,8.03,3.48,5.32,5.25,4.79,7.2,8.24,5.54,11.84
193102,6.81,17.38,12.86,5.78,22.39,5.95,14.8,7.82,15.28,5.53
193103,-1.69,-3.8,-6.76,-14.25,-7.75,-3.58,-3.26,1.81,-2.93,-9.4
193104,-5.29,-7.86,-14.14,-13.44,-13.03,-4.25,-4.83,-3.61,-9.03,-9.87
193105,-11.01,-16.07,-16.41,-12.53,-12.91,-8.94,-3.26,-10.25,-11.14,-17.43
193106,10.73,14.64,17.39,17.58,18.7,10.21,7.87,9.7,11.01,16.35
193107,-3.81,-2.09,-10.22,-3.62,-10.37,-4.87,-1.52,2.62,-5.38,-9.9
193108,-0.65,-2.77,-0.14,9.49,3.72,0.82,3.03,0.4,-1.73,-3.89
193109,-24.69,-34.79,-29.81,-29.83,-33.86,-21.56,-30.23,-29.44,-33.04,-26.49
193110,6.89,12.97,6.19,14.03,11.31,4.34,13.98,11.27,10.49,1.89
193111,-4.35,-3.48,-8.3,-8.68,-14.15,-6.86,-9.39,-2.78,-4.76,-19.19
193112,-9.51,-8.77,-15.32,-18.9,-13.53,-7.94,-15.16,-4.09,-13.23,-16.47
193201,2.06,-6.89,-0.49,-4.85,-11.41,-4.04,0.8,-2.65,-2.51,6.72
193202,5.37,2.1,5.97,8.76,6.29,11.63,4.12,2.06,7.05,-0.18
193203,-5.98,-22.17,-14.35,-1.09,-14.4,-9.9,-9.26,-6.4,-9.56,-15.98
193204,-11.35,-29.52,-22.94,-13.93,-24.16,-12.39,-15.7,-19.76,-15.49,-22.33
193205,-21.22,-18.58,-18.22,-5.55,-28.59,-10.81,-29.39,-34.07,-26.81,-30.02
193206,1.16,-7.81,-2.56,5.95,7,-9.55,-0.58,11.06,1.46,-2
193207,24.7,44.96,41.75,35.14,44.21,16.7,27.12,29.19,29.36,55.79
193208,22.71,45.26,46.42,19.5,45.65,28.17,32.92,35.88,43.47,58.76
193209,-0.86,8.51,-2.44,-10.15,-5.59,0.24,3.07,-11.91,-4.64,-4.12
193210,-11.41,-24.74,-15.82,-3.78,-19.03,-8.13,-12.67,-18.55,-10.81,-18
193211,-7.1,-2.7,-10.29,-4.52,-8.24,-1.12,-5.6,5.54,-3.59,-6.87
193212,3.81,4.48,3.26,0.06,7.54,3.67,5.01,6.83,9.13,4.91
193301,4.65,0.84,3.43,-3,1.44,0.31,-2.39,-1.12,-4.37,8.55
193302,-9.06,-24.47,-17.52,-13.89,-20.08,-7.77,-17.95,-10.81,-19.84,-16.41
193303,10.37,9.24,11.27,4.4,6.24,-5.85,8.54,-3.15,-12.78,3.81
193304,34.17,79.8,57.21,39,53.5,13.22,42.46,37.14,25.37,30.74
193305,12.71,26.06,26.04,17.72,19.83,17.37,17.07,23.5,19.3,31.51
193306,10.34,20.76,12.42,12.51,10.83,10.5,16.27,10.4,15.59,14.52
193307,-6.61,-7.04,-11.35,-12.04,-11.06,-4.36,-13.45,-19.1,-13.57,-6.66
193308,9.86,20.77,16.22,19.08,12.9,4.53,7.16,-0.37,-1.22,14.61
193309,-7.45,-15.31,-10.08,-2.68,-17.13,-3.56,-8.73,-1.3,-19.73,-16.4
193310,-9.12,-10.05,-8.01,-4.84,-9.72,-7.18,-7.82,-6.01,-7.49,-10.83
193311,5.21,25.39,12.74,14.7,12.84,5.63,14.46,9.41,-2.38,5.35
193312,-3.39,10.46,4.62,-1.26,1.5,-3.75,4.58,-11.72,1.06,4.71
193401,10.02,13.21,11.1,8.74,16.09,5.97,17.31,16.78,20.53,18.56
193402,-4.98,-2.05,-3.15,-3.37,-6.3,2.12,3.04,-3.58,-1.68,-1.88
193403,1.17,-0.29,-1.24,-1.32,3.19,1.27,2.41,-0.63,-1.79,0.84
193404,3.1,-6.84,-2.74,-1.98,-2.32,-1.25,-1.2,8.01,-3.74,-1.64
193405,-3,-12.81,-10.05,-4.63,-6.59,-4.3,-7.91,-0.37,-7.72,-7.34
193406,3.85,-2.74,4.26,1.21,2.8,1.32,2.44,2.05,4.27,3.11
193407,-5.12,-13.82,-11.55,-9.72,-11.88,-4.34,-8.34,-1.88,-17.23,-17.27
193408,4.22,10.88,7.53,6.13,6.6,2.56,4.73,-3.04,2.05,4.45
193409,0.23,0.69,-1.12,-2.31,-0.31,1.9,2.56,0.81,1.62,-0.34
193410,0.61,-2.07,-0.45,-4.68,-0.92,-1.56,1.69,-0.7,-7.6,-2.2
193411,8.49,17.62,12.64,7.04,13.53,-1.73,9.62,4.08,-0.24,5.64
193412,-0.94,3.57,2.22,0.69,3.67,-0.59,-1.03,0.63,-8.65,-0.16
193501,-1.41,-9.02,-2.38,-4.36,1.14,-0.46,-5.26,-0.85,-3.15,-6.7
193502,1.61,-3.26,-1.79,-3.34,0.2,1.04,-0.61,4.26,-12.15,-4.69
193503,-4.62,-5.81,-4.78,-3.81,-4.13,-0.72,-4.32,-3.13,12.35,-5.31
193504,5.72,5.74,8.97,15.49,10.25,9.13,6.48,3.19,11.15,8.76
193505,1.1,2.97,1.87,3.52,2.65,8.38,2.54,-4.01,13.77,3.9
193506,5.51,9.79,6.52,1.52,7.74,5.35,6.29,4.1,9.12,6.33
193507,3.14,19.09,10.79,0.14,9.61,5.74,7.52,3.2,9.23,7.28
193508,-1.56,9.02,3.26,-1.88,3.22,4.07,3.1,0.3,7.22,3.4
193509,1.69,11.1,4.23,-3.32,7.76,4.28,-0.56,1.12,-2.02,0.64
193510,4.48,13.64,5.86,13.53,8.81,3.11,1.23,5.98,14.14,2.41
193511,1.1,3.5,4.59,2.79,5.83,9.72,2.93,1.75,0.83,13.2
193512,2.08,5.81,3.7,14.1,3.52,-0.16,-1.01,2.36,5.63,4.31
193601,3.24,3.9,5.61,14.07,6.5,4.17,-2.8,3.47,12.54,12.16
193602,0.61,3.75,5.57,1.27,0.35,6.57,1,3.46,-6.58,2.8
193603,-2.08,10.2,2.45,1.76,-0.04,-3.37,1.15,3.53,0.65,-2.95
193604,-4.45,-10.14,-8.92,-10.27,-8.62,-5.66,-5.23,-9.18,-8.33,-7.42
193605,4.96,4.07,6.21,-0.56,5.23,6.46,6.71,4.81,9.53,7.41
193606,2.32,6.87,1.3,1.74,1.31,2.43,5.3,1.3,3.63,1.79
193607,2.97,4.92,7.7,4.75,12.06,2.44,6.22,4.66,11.6,9.66
193608,0.84,-0.27,1.66,-0.66,2.42,1.76,2.5,-1.47,-1.02,1.84
193609,-0.66,3.27,2.08,1.4,-1.24,0.33,2.95,0.78,-2.04,0.9
193610,3.37,5.09,7.74,12.49,5.76,5.09,11.23,3.79,5.73,8.12
193611,4.53,-1.36,5.45,1.49,5.51,3.87,11.01,3.41,-2.85,0.5
193612,-1.42,-7.23,1.94,9.25,2.64,-0.4,-8.13,-2.03,-1.62,-1.17
193701,2.45,7.28,4.61,2.42,8.63,-0.85,0.08,3.48,2.62,1.05
193702,0.89,-0.49,2.67,1.5,-1.31,-3.06,3.07,-3.71,-4.18,4.77
193703,-1.01,-4.12,1.36,3.4,-4.48,-2.09,-2.72,-5.02,-6.31,2.69
193704,-6.38,-7.89,-9.15,-5.29,-7.61,-5.25,-7.23,-3.31,-7.46,-6.82
193705,-0.44,-1.96,1.01,-0.23,0.81,1.53,-4.53,1.69,-5.26,-3.32
193706,-3.24,-10.76,-3.6,-2.65,-1.45,1.39,-1.58,-4.11,-5.25,-8.93
193707,5.07,13.24,9.22,8.43,9.56,3.27,10.34,4.15,19.33,8.75
193708,-2.47,-2.26,-4.42,-6.56,-4.75,-2.54,-4.26,1.1,-10.17,-8.33
193709,-9.12,-12.66,-17.44,-13.2,-14.11,-2.1,-14.09,-10.75,-11.74,-15.88
193710,-7.06,-12.87,-13.86,-6.94,-7.18,-5.36,-7.03,-3.54,-4.87,-10.12
193711,-5.86,-15.23,-9.31,-11.47,-4.58,-3.59,-14.35,-5.11,2.91,-6.84
193712,-2.27,-16.26,-2.41,-1.24,-2.19,-1.54,-6.54,-2.4,-10.68,-6.62
193801,2.96,11.06,-1.23,0.52,-2.46,-2.43,5.93,3.53,-5.69,0.5
193802,3.46,3.48,8.68,9.43,4.35,-2.32,9.51,8.62,3.65,4.89
193803,-15.79,-27.34,-25.71,-25.19,-27.71,-17.44,-22.18,-14.43,-19.6,-29.73
193804,12.27,14.86,13.89,15.93,16.77,13.47,16.19,11.83,14.79,14.54
193805,-0.23,-6.91,-6.88,-5.81,-2.98,0.83,-3.85,1.72,2.22,-3.95
193806,13.2,36.02,32.9,21.99,27.31,12.42,24.04,10.08,16.91,24.87
193807,6.61,19.9,6.81,7.39,5.86,1.28,9.07,5.81,0.69,10.01
193808,-4.02,5.98,-1.91,-8.81,-1.18,0.28,-2.39,0.37,-5.52,-3.72
193809,0.51,0.7,1.68,0.83,1.61,0.85,0.07,0,1.24,-1.24
193810,5.15,6.5,10.62,-1.55,10.09,3.56,8.05,5.64,21.1,11.11
193811,-2.49,-1.19,-1.44,-0.1,-4.33,0.65,-0.36,1.45,-7,-2.01
193812,2.76,2.13,5.6,4.87,3.09,2.57,1.04,0.86,3.96,6.33
193901,-1.92,-8.32,-9.31,-6.28,-7.49,1.81,-3.13,-0.95,1.22,-8.64
193902,2.46,7.07,3.01,-1.17,2.77,3.53,6.21,3.73,8.79,4.71
193903,-5.75,-17.62,-15.56,-8.3,-14.98,-2.21,-9.58,-4.32,-13.62,-14.94
193904,0.62,0.73,-1.31,-1.05,-2.7,2.75,-0.12,1.01,3.04,-1.82
193905,5.47,7.9,7.63,2.57,8.29,5.56,11.39,5.5,6.62,8.02
193906,-2.04,-6.77,-6.37,-6.11,-7.99,-3.79,-2.69,1.11,-3.54,-7.61
193907,6.22,17.59,12.91,3.04,14.05,6.51,8.72,3.09,12.72,11.6
193908,-7.36,-6.93,-6.78,-3.9,-8.08,-4.19,-7.32,-5.42,-6,-9.96
193909,4.79,23.73,27.01,25.57,12.27,2.37,1.6,7.08,3.61,25.6
193910,3.26,-1.39,-2.55,-3.92,-0.88,3.05,5.78,0.22,2.12,-1.58
193911,-0.47,-2.91,-5.98,-6.13,-2.58,0.97,-2.3,1.23,-1.48,-5.04
193912,3.17,3.89,3.98,-0.07,3.62,2.87,3.04,3.78,2.96,2.39
194001,1.69,-3.82,-4.62,-2.18,-4.19,-0.12,-0.94,-1.78,-0.04,-2.65
194002,0.94,2.09,2.71,0.98,-0.57,1.04,2.52,1.49,-1.23,0.89
194003,1.65,3.79,1.55,1.73,3.06,1.16,3.09,1.91,1.75,2.64
194004,1.75,-0.53,0.77,0.19,-1.48,0.33,-0.12,-0.3,-1.34,-0.76
194005,-20.91,-26.03,-22.2,-24.46,-20.76,-14.13,-24.4,-21.2,-19.93,-24
194006,5.38,8.69,4.21,5.68,3.02,8.72,9.02,4.92,17.44,8.57
194007,-0.02,5.93,4.34,3.2,5.01,1.97,4.4,-0.51,0.09,3.39
194008,1.34,7.4,2.5,1.43,3.32,-0.36,2.91,-2.28,-1.03,2.89
194009,2.53,3.18,4.15,-2.25,4.23,1.66,3.33,4.62,-2.18,2.47
194010,-1.41,3.95,4.11,6.31,2.44,1.61,0.09,-2.99,3.83,5.31
194011,-0.99,-0.62,-1.47,0.88,-2.8,0.61,-2.14,-1.81,-13.05,-0.08
194012,0.55,-3.28,1.2,2.32,-0.08,2.04,0.44,-0.22,1.77,0.25
194101,-0.51,-9.21,-7.08,-2.13,-2.55,-2.1,-3.62,-2.18,-2.15,-1.61
194102,-2.49,1.28,-2.03,-0.68,-0.33,-2.23,-2.52,-4.68,-1.19,-0.3
194103,0.56,-1.69,0.78,3.75,0.35,1.78,1.22,1.78,-3.32,1.82
194104,-4.13,-10.56,-5.68,1.41,-8.82,-6.35,-5.21,-5.21,-9.6,-4.43
194105,-1.4,0.42,3.67,5.47,-0.41,0.4,2.28,-1.44,-4.42,-0.92
194106,6.28,3.91,6.49,5.23,10.77,5.04,5.11,6.73,3.95,4.52
194107,5.53,3.98,7.12,11.07,1.81,-0.38,4.75,8.04,5.34,7.53
194108,0.83,2.35,-0.64,-3.45,0.75,1.06,2.38,0.09,-2.05,0.21
194109,1.78,4.15,-2.89,-0.65,-0.77,0.25,0.44,-0.2,-2.84,-2.56
194110,-7.04,-7.97,-6.42,2.2,-10.1,-2.72,-5.19,-3.68,-9.67,-4.1
194111,-3.15,-3.63,-1.38,3.14,-2.03,-4.03,-4.51,-2.92,-6.67,-1.53
194112,-3.95,-11.78,0.79,-11.09,0.48,-8.59,-9.82,-1.58,-7.47,-5.35
194201,2.54,6.26,-2.18,-1.62,0.96,-1.37,0.67,-2.98,4.1,9.55
194202,-5.5,5.16,-2.4,-5.82,-2.45,-0.57,-1.91,-5.34,-2.44,-1.85
194203,-8.29,1.43,-5.55,-8.23,-6.26,-6.91,-7.08,-5.53,-12.12,-8.97
194204,-4.1,-4.36,-4.58,-3.56,-3.61,-7.32,-5.87,-4.44,-3.41,-1.99
194205,8.76,9.96,1.76,6.78,7.87,7.72,11.76,14.7,8.41,3.56
194206,3.55,1.78,3.52,4.43,4.59,-2.23,2.55,2.86,1.71,1.98
194207,2.42,2.11,2.77,6.06,1.82,4.48,4.97,1.61,-0.43,6.6
194208,0.8,2.34,1.35,3.55,0.74,2.49,1.72,2.44,0.81,2.42
194209,-0.07,2.6,3.26,2.37,5.17,2.04,0.68,0.27,5.84,3.39
194210,4.51,5.83,6.73,9.63,6.28,6.19,0.63,4.14,15.16,8.92
194211,2.71,-0.13,-2.35,0.92,2.03,2.63,6.67,1.59,-1.3,-2.05
194212,4.72,8.2,5.28,7.5,6.15,0.35,2.74,8.7,4.37,4.48
194301,9.14,5.25,6.99,6.41,9.81,3.78,6.93,2.48,14.71,7.07
194302,3.62,7.59,5.24,7.92,3.44,8.81,3.09,3.65,7.93,9.44
194303,4.36,5.07,6.01,7.01,7.43,0.62,8.69,4.57,4.68,10.08
194304,1.03,0.54,-1.42,0.98,1.19,4.16,1.88,1.41,4.03,2.2
194305,6.56,6.59,5.38,5.7,6.27,4.57,7.5,5.14,4.56,5.59
194306,2.05,4.86,0.88,1.2,2.43,2.27,5.6,0.51,4.2,-0.77
194307,-1.87,-9.69,-6.8,-2.85,-7.3,-0.18,-3.14,-3.25,-0.48,-5.2
194308,0.94,3.49,0.68,1.11,0.5,0.91,3.75,0.27,1.85,1.42
194309,2.18,1.7,2.67,1.42,5.19,1.45,2.17,4.03,3.88,2.19
194310,-0.27,-1.11,-0.83,-2.05,-3.42,0.73,-2.39,0.58,0.57,-1.07
194311,-4.57,-5.31,-6.43,-6.92,-6.42,-1.74,-4.49,-3.92,-8.37,-7.96
194312,6.14,7.95,5.91,7.21,8.01,3.14,6.93,3.95,7.42,7.17
194401,3.97,1.03,1.95,0.62,0.64,0.86,0.79,0.3,-0.32,4.49
194402,-0.53,3.69,-0.35,0.1,-2.12,0.88,1.06,-2.63,1.53,2.07
194403,2.83,4.78,2.28,1.88,3.8,0.74,2.29,2.47,1.8,2.66
194404,-1.95,-1.17,-2.02,-1.36,-1.91,-0.57,-0.99,-2.35,-0.91,-2.44
194405,5.33,7.92,5.57,4.98,3.64,2.83,5.08,5.69,2.79,4.29
194406,5.64,9.32,7.11,0.54,7.5,3.21,5.84,3.86,4.92,5.95
194407,-0.35,-4.92,-1.94,-1.2,-1.81,-0.37,-0.07,-1.23,0.21,-0.79
194408,2.56,3.99,2.17,-1.93,1.97,0.67,3.13,0.77,3.67,0.37
194409,-0.23,0.62,0.56,-1.37,-0.64,0.27,1.82,0.44,-1.52,0.12
194410,-0.03,-2.73,-0.32,1.88,0.83,0.75,0.45,1.1,1.37,0.7
194411,1.27,2.23,0.87,2.64,1.6,0.7,2.8,0.53,-0.39,4.3
194412,2.03,3.98,4.25,5.15,4.65,0.72,2.16,1.72,3.12,8.46
194501,2.64,1.38,2.81,4.93,0.68,-2.11,0.08,0.57,5.7,0.62
194502,3.95,7.66,6.96,7.32,6.61,2.85,4.53,4.26,6.12,7.86
194503,-3,-6.02,-4.77,-5.24,-3.8,-0.11,-1.36,-1.82,-3.08,-3.52
194504,7.1,11.16,8.42,6.91,8.06,2.51,7.17,6.34,10.11,8.83
194505,2.33,0.79,0.81,-0.86,1.83,3.76,6.27,4.12,1.9,3.1
194506,0.89,-1.52,-0.15,-0.49,-1.87,2.62,-3.13,-4.64,5.17,4.47
194507,-1.44,-0.97,-2.98,-3.22,-1.72,2.18,-0.1,-1.61,-0.32,-5.46
194508,7.72,9.42,8.84,2.23,9.75,1.74,8.23,9.2,1.04,2.57
194509,6.28,2.75,6.18,1.99,3.41,1.9,5.65,6.52,6.6,6.09
194510,6.77,0.21,2.29,6.34,0.77,2.36,5.97,6.62,6.19,5.77
194511,3.68,2.63,4.85,8.38,2.71,3.39,6.93,8.59,4.82,9.15
194512,1.29,2.55,1.57,-0.23,2.64,0.48,3.47,1.54,-0.99,0.16
194601,4.85,6.68,8.01,-0.06,6.46,1.91,10.99,7.77,10.85,7.41
194602,-4.82,-8.93,-6.08,-4.66,-7.35,-2.82,-4.22,-4.3,-5.72,-6.13
194603,6.35,0.99,5.68,11.05,2.16,1.16,11.41,14.58,6.28,4.68
194604,3.54,1.43,4.34,8.78,1.71,1.59,7.21,14.68,4.35,1.71
194605,3.35,5.15,5.02,3.69,5.15,2.82,1.91,5.65,3.05,3.39
194606,-3.6,-5.91,-3.57,-3.14,-5.25,0.3,-7.68,-5.51,-2.79,-3.25
194607,-0.75,-4.74,-3.26,-0.05,-3.28,-0.08,-2.98,-3.21,-3.62,-4.94
194608,-5.27,-10.33,-6.68,-5.6,-6.88,-7,-4.82,-3.23,-5.34,-6.77
194609,-10.68,-14.87,-10.38,-8.04,-9.78,-4.74,-6.87,-7.02,-8.96,-14.37
194610,0.39,-3.3,-1.87,-0.65,-2.81,-5.13,-2.24,-0.23,1.44,-0.45
194611,-1.31,-1.12,1.75,0.57,-2.11,1.79,-4.93,1.68,0.81,0.01
194612,3.75,6.17,6.65,4.4,4.74,3.77,4.07,7.24,6.1,2.78
194701,0.23,10.91,0.91,-0.64,5.39,1.03,0.69,-5.31,-0.13,0.47
194702,-0.31,1.55,-0.67,-2.69,-2.07,-2.05,-0.38,-4.18,-0.89,-1.26
194703,-2.2,-2.69,-1.59,2.3,-2.28,-2.15,-2.19,-1.25,-2.78,-3.32
194704,-6.68,-4.07,-5.73,-0.43,-5.2,-0.22,-7.96,-8.59,-3.74,-6.25
194705,-0.5,-2.15,-2.08,2.53,-0.28,-1.1,-0.36,-2.67,-2.47,-2.06
194706,6.53,5.88,5.75,7.77,3.88,-3.17,9.89,4.2,3.98,3.19
194707,4.65,5.21,3.89,3.88,6.35,0.81,4.62,2.61,2.55,6
194708,-1.38,-0.75,-1,-2.29,-4.2,0.36,-3.53,-3.82,0.25,-3.17
194709,0.4,0.18,0.71,-2.7,1.14,0.84,-2.79,-2.61,-1.3,-0.96
194710,1.36,2.94,3.25,5.25,1.75,0.21,3.04,1.23,0.16,1.02
194711,-1.69,-2.67,-1.19,-0.33,-0.54,-2.57,-2.4,-3.03,-7.59,-1.97
194712,0.69,2.25,2.63,9.3,2.49,0.44,0.37,3.11,1.2,3.71
194801,-2.69,-5.34,-4.07,-7.42,-5.52,0.1,-3.28,-8.22,-0.2,-0.85
194802,-6.12,-5.41,-5.32,-2.95,-3.93,-1.06,-3.79,-3.52,-3.46,-4.1
194803,5.46,7.26,9.63,9.94,11.11,1.95,6.68,6.34,6.62,9.94
194804,1.31,1.18,2.52,11.23,-0.58,2.65,5.09,2.15,1.51,3.25
194805,5.09,14.44,7.88,6.09,12.78,2.49,8.58,6.79,5.75,6.8
194806,-2,0.31,-0.97,3.5,-1.4,0.44,-1.29,-2.18,2.6,-0.81
194807,-1.67,-4.36,-4.98,-7.17,-6.59,-1.65,-7.71,-4.24,-4.35,-4.95
194808,0.02,1.13,0.42,-2,3.08,0.06,2.5,-1.89,0.11,1.54
194809,-3.95,-3.87,-2.64,-4.45,-3.16,-0.23,-0.92,-3.07,-0.9,-3.41
194810,3.64,7.96,6.7,9.21,6.86,1.11,4.15,5.2,4.44,4.96
194811,-6.17,-11.86,-10.14,-12.17,-9.24,-2.06,-5.71,-5.73,-9.06,-10.57
194812,0.68,3.45,4.05,4.73,6.32,1.09,1.54,4.55,2.67,2.88
194901,3.67,2.45,0.32,-3.82,-1.32,-1.26,1.18,4.58,4.77,0.32
194902,-1.93,-3.68,-3.42,-4.29,-4.2,-0.3,-2.26,-0.92,0.68,-3.16
194903,3.2,3.43,3.57,6.07,5.83,1.36,4.4,5.51,3.79,4.9
194904,-1.64,-4.21,-3.53,1.29,-3.7,-1.64,-1.63,0.25,1.24,-1.53
194905,-0.42,-2.82,-3.29,-5.62,-5.29,-2.18,0.2,-1.87,-0.57,-2.66
194906,1.02,1.3,0.24,-1.17,0.12,1.12,2.87,2.17,-0.92,-1.36
194907,4.94,9.44,5.95,6.25,6.91,2.41,5.17,6.01,4.75,4.2
194908,3.97,2.32,2.18,5.5,0.76,0.98,1.51,0.2,3.69,1.46
194909,2.83,2.66,3.94,3.04,3.66,1.23,2.33,1.87,4.06,3.41
194910,1.53,7.35,4.35,3.72,3.75,1.88,0.67,3.39,1.32,2.45
194911,1.84,4.76,3.25,-2.76,3.91,1.67,2.11,4.82,3.29,1.22
194912,5.13,8.28,6.51,1.1,9.18,1.59,4.77,8.71,3.26,7.18
195001,1.37,1.88,1.99,-0.63,4.54,1.86,0.44,1.07,3.76,3.2
195002,0.53,3.5,1.95,-0.52,3.41,0.66,2.33,1.93,2.41,1.03
195003,-0.56,1.87,0.82,4.86,2.43,4.57,-0.16,-2.89,0.57,-0.67
195004,0.14,10.58,7.46,3.24,4.74,2.37,-0.35,5.53,0.96,1.51
195005,2.07,6.45,5.99,8.81,0.24,1.97,3.17,3.97,1.84,1.37
195006,-5.69,-4.03,-6.54,-4.51,-7.95,-4.28,-4.41,-4.18,-7.65,-6.79
195007,0.44,-2.7,2.15,8.82,-2.91,-1.33,-0.95,-6.93,-5.22,7.5
195008,3.94,9.24,6.35,4.33,5.27,2.56,4.39,3.69,3.4,2.31
195009,4.88,8.8,4.51,3.54,5.02,-0.46,8.47,6.16,4.52,6.53
195010,-0.37,0.62,0.47,0.3,-1.48,0.21,0.85,-1.75,-0.73,-1.51
195011,0.02,-2.6,5.95,5.29,2.65,-0.24,1.12,4.69,-1.17,3.95
195012,2.83,1.51,6.7,8.69,3.89,1.89,2.77,6.07,3.6,11.05
195101,4.62,9.23,6.14,6.31,7.74,1.88,3.63,3.11,5.05,6.41
195102,0.96,2.81,1.24,0.97,0.93,4.11,3.13,1.47,3.12,-0.4
195103,-2.77,1.19,-3.03,-2.37,-0.9,-1.1,-2.09,1.71,-1.38,-2.83
195104,0.95,3.43,6.86,10.82,3.18,0.85,0.4,10.42,0.23,3.75
195105,-1.27,-5.31,-2.13,-3,-2.76,-0.41,-1.31,1.58,-0.04,-3.25
195106,-3.58,-6.82,-3.79,1.1,-1.59,-0.18,-2.7,0.84,-0.4,-5.1
195107,3.13,3.11,8.46,11.38,6.01,2.8,2.92,14.43,5.31,7.4
195108,3.51,7.01,4.88,5.75,5.93,2.64,2.7,-1.37,2.14,3.47
195109,-0.41,2.67,0.24,-0.75,3.45,-0.04,3.21,-1.83,1.34,3.6
195110,-3.12,-2.03,-4.14,1.18,-5.75,-1.08,-3.08,-5.93,0.72,-3.61
195111,-0.06,2.02,0.44,-0.78,2.13,0.49,1.46,-0.49,1.67,2.13
195112,1.91,2.49,4.58,4.73,5.06,0.87,-0.23,5.12,3.28,2.14
195201,0.52,-1.16,-0.29,6.61,-1.86,0.17,-0.48,0.74,3.09,3.33
195202,-2.01,0.47,-3.83,-3.38,-3.41,-0.63,-3.65,-4.21,0.7,-1.57
195203,1.71,8.34,2.98,8.73,4.96,1.26,2.53,0.38,2.24,5.86
195204,-3.32,-2.99,-6.61,-7.64,-3.43,-0.74,-1.76,-5.45,-1.79,-3.37
195205,2.14,4.02,4.29,3.52,2.97,1.03,2.65,2.54,3,2.95
195206,2.87,5.25,4.33,5.46,5.67,2.06,2.94,-0.96,1.11,4.03
195207,0.65,2.54,2.23,-1.01,1.65,0.24,1.95,-4.38,2.18,1.16
195208,0.96,2.05,-1.65,-2.65,-0.31,0.88,-0.29,-0.54,1.92,-0.12
195209,-2.81,-0.77,-2.09,-4.29,0.91,-0.34,-0.75,-4.09,0.37,-1.35
195210,-1.23,1.21,-1.54,0.39,-1.1,0.92,-1.09,-1.46,0.48,-1.56
195211,5.91,6.53,8.72,2.08,8.88,4.07,4.55,7.26,5.19,7.28
195212,1.47,7.02,2.68,4.56,2.8,0.88,1.3,-1.95,1.81,3.75
195301,2.01,-0.35,0.67,-2.98,-2.12,1.02,0.84,-5.11,0.95,1.08
195302,1.69,-1.16,-0.97,0.34,0.5,-0.43,-0.14,2.1,0.42,-0.21
195303,-1.64,-4.37,-1.62,-0.55,-0.8,-0.43,-0.47,-0.15,0.17,-1.43
195304,-0.24,-1.96,-2.67,-5.17,-0.85,-1.04,-0.79,-5.34,-3.2,-3.2
195305,0.22,-0.01,0.25,1.85,1.06,0.36,1.52,-0.02,0.05,1.45
195306,-0.86,-3.32,-2.31,-0.07,-2.05,0.5,-2.19,-3.28,-3.05,-2.04
195307,2.64,0.73,2.62,3.94,2.2,0.94,1.98,3.67,3.37,1.43
195308,-3.42,-6.35,-4.84,-6.36,-4.51,-0.84,-2.33,0.06,-0.36,-6.76
195309,0.16,-0.81,1.19,-1.91,3.1,1.78,0.11,0.44,1.62,-0.98
195310,0.72,7.75,6.03,5.65,7.16,1.38,0.87,2.67,4.52,3.7
195311,0.56,0.5,4.19,2,4.83,2.26,3.35,7.99,3.01,2.78
195312,-0.5,-1.2,0.65,0.45,0.51,0.54,1.26,-1.33,0.6,-2.28
195401,4.17,5.29,4.56,8.65,6.91,1.89,3.33,5.66,3.31,6.65
195402,-0.23,1.72,0.98,2.81,5.35,2.57,0.45,-0.17,1.58,1.55
195403,1.41,3.52,4.89,4.29,8.6,1.72,0.39,0.29,3.01,1.81
195404,0.9,4.1,5.78,6.16,8.9,1.98,1.55,1.21,1.22,2.88
195405,2.48,4.49,4.41,2.98,-0.25,1.24,2.85,1.62,2.7,4.4
195406,0.76,1.2,3.63,-5.86,9.3,0.54,2.51,-2.42,1.35,1.5
195407,6.37,9.86,5.21,4.24,0.09,4.36,4.22,8.22,5.42,6.84
195408,-2.71,-3.35,-3.74,0.53,-4.28,-1.43,-0.2,-2.56,-1.71,-2.24
195409,3.83,14.48,6.61,10.02,7.31,2.49,4.85,2.83,2.02,4.34
195410,-2.25,-0.76,-1.1,-1.97,-1.77,-0.85,-2.52,-1.61,-3.79,0.59
195411,6.23,4.46,13.69,8.05,13.48,3.43,8.41,12.56,5.7,11.16
195412,4.33,7.28,6.55,6.48,2.91,1.58,2.27,6.14,3.59,9.37
195501,0.27,0.55,-0.11,0.42,4.15,0.8,1.74,-2.87,1.45,0.9
195502,1.57,-1.02,4.18,2.43,5.08,3.99,1.32,2.86,3.65,3.78
195503,-0.85,0.06,0.37,-0.22,-1.52,-0.19,-1.39,6.11,-0.7,0.94
195504,3.98,5.68,4.34,0.59,5.4,1.97,1.84,0.02,2.56,3.45
195505,-0.24,-1.12,3.01,-0.61,0.27,1.29,3.03,3.15,-0.12,1.64
195506,2.6,10.11,9.6,11.21,4.46,0.69,4.43,0.18,1.67,2.38
195507,1.95,18.83,-1.36,2.77,-3.05,2.61,2.04,0.15,3.69,-1.78
195508,-0.69,-4.26,3.13,-1.09,0.12,-2.44,1.65,0.16,0.08,0.47
195509,-1.68,8.76,-0.56,-0.37,-4.19,1.06,3.42,-3.19,-2.62,-2.49
195510,-0.81,-4.86,-3.15,-0.98,-5.45,-1.15,-2.5,0.82,-1.01,-2.82
195511,3.6,9.07,8.03,8.59,10.9,1.63,6.01,6.27,3.4,8.06
195512,1.2,-4.08,3.12,3.71,5.05,0.86,-0.74,6.23,-0.11,-0.72
195601,-1.62,-6.58,-4.7,0.55,-5.33,1.86,-4.4,-6.49,-0.32,-2.75
195602,1.18,5.74,4.88,4.28,6.06,0.16,2.82,8.26,1.93,3.18
195603,1.74,4.11,7.98,11.45,10.4,1.43,0.44,7.25,3.78,5.68
195604,0.81,-5.11,1.22,3.63,-0.5,-0.88,-1.81,2.75,-2.17,0.51
195605,-3.23,-4.44,-6.27,-6.36,-5.34,-1.06,-4.54,-1.23,-0.73,-5.46
195606,0.66,6.62,4.88,2.75,6.64,1.28,2.21,3.59,2.34,1.59
195607,1.98,4.59,6.26,6.01,5.29,2.69,4.81,3.11,5.24,2.43
195608,-1.37,0.62,-3.2,-5.26,-3.54,-1.36,-2.68,-3.06,-2.47,-3.55
195609,-3.23,-0.9,-6.15,-5.8,-6.84,-2.87,-4.56,-3.68,-3.85,-4.39
195610,0.4,-1.34,0.99,0.55,3.27,-1.39,1.49,0.59,1.15,1.11
195611,-0.42,-3.52,-0.93,5.32,0.69,1.52,-2.16,-1.3,0.43,0.23
195612,1.26,0.87,4.85,4.15,4.42,2.55,-0.59,6.06,1.83,2.01
195701,1.77,-4.85,-5.7,-4.11,-5.64,2.9,-1.28,-2.25,2.66,-0.54
195702,-1.41,-1.64,-2.77,-2.26,-0.64,0.32,-0.9,-0.34,-0.29,-2.55
195703,1.6,0.45,2,3.18,4.79,1.52,2.11,8.22,1.71,2.31
195704,1.39,7.36,3.61,6.95,8.4,0.45,0.26,5.44,3.19,3.16
195705,1.39,0.65,3.54,7.62,5.8,1.03,2.71,4.79,2.27,1.38
195706,-0.65,-0.22,0.24,-1.73,5.24,-2.09,-2.09,6.46,-5.08,-1.09
195707,0.93,3.3,0.55,1,1.07,-0.24,2.89,2.99,0.01,1.13
195708,-1.99,-2.73,-6.26,-5.73,-7.05,-0.12,-2.7,-2.25,-2.57,-5.4
195709,-1.15,-7.14,-6.88,-7.96,-6.37,-2.22,0.43,-3.7,-1.72,-6.62
195710,-2.13,-4.32,-4.66,-5.79,-1.78,-2.1,-3.92,-0.44,-0.69,-6.86
195711,3.36,-5.7,3.39,2.44,6.51,1.49,1.74,7.78,4.38,0.34
195712,0.44,-8.26,-4.56,-6.99,-3.29,1.26,-1.71,-0.37,2.57,-4.36
195801,7.45,5.52,5.44,1.59,4.02,4.26,7.5,-0.04,6.26,11.01
195802,2.04,-1.38,-1.96,-4.57,-1.68,0.66,1.42,4.93,1.28,-1.75
195803,4.2,2.66,1.53,7.92,2.59,1.17,4.1,7.54,1.98,2.52
195804,3.55,4.29,1.43,5.16,-0.13,2.7,3,7.53,5.11,4.56
195805,2.72,4.69,3.43,0.38,1.54,2.11,3.63,1.08,1.42,3.76
195806,2.65,2.65,2.37,4.96,3.6,1.66,2.15,3.24,2.2,2.89
195807,1.63,9.39,8.49,0.7,3.78,0.9,1.88,5.98,1.14,5.32
195808,2.93,-0.28,2.42,1.93,2.08,2.4,5.72,1.99,-0.99,3.08
195809,4.26,10.3,4.55,3.29,6.19,5.05,4.02,11.73,3.48,4.65
195810,2.51,1.85,3.07,1.34,4.45,1.45,1.23,1.06,4.29,3.65
195811,4.09,2.04,2.93,1.93,4.36,2.13,5.91,8.04,2.96,4.7
195812,2.66,3.09,5.21,1.26,13.07,13.3,5.72,4.62,5.95,3.05
195901,3.81,-0.17,0.81,0.52,-2.17,3.91,3.5,-0.61,1.26,1.98
195902,3,-1.39,3.63,-7.38,5.15,4.84,2.67,3.87,1.27,1.69
195903,0.3,-0.74,-0.22,2.15,2.33,-0.42,-1.65,4.27,1.64,-0.71
195904,3.01,9.78,4.17,1.73,8.4,4.63,1.54,11.93,-1.12,2.08
195905,1.34,6.25,4.06,-0.94,4.77,-1.04,2.72,-1.06,-1.09,0.66
195906,1.67,0.49,1.29,-2.71,-0.96,-1.06,2.27,6.6,-2.22,1.42
195907,3.7,8.1,3.74,4.97,0.53,0.6,2.01,4.75,3.85,0.18
195908,-0.39,3.24,-1.88,-3.12,-2.52,0.61,0.79,-3.51,1.34,-2.2
195909,-3.22,-4.28,-4.95,-6.89,-4.2,-0.96,-2.07,-4.95,-4.32,-4.06
195910,3.79,-1.09,1.43,1.18,5.07,1.3,0.83,2.39,0.89,0.19
195911,1.24,0.13,2.2,-0.4,9.22,-1.23,2.44,5.63,0.41,-0.5
195912,1.23,5.91,2.17,4.24,3.44,4.31,2.64,-1.62,2.14,2.09
196001,-3.35,-11.35,-8.4,-7.48,-9.82,0.95,-5.69,-6.34,-2.06,-4.41
196002,2.93,-2.06,0.5,-3.42,5.4,8.36,4.07,0.28,2.78,0.02
196003,-1.41,-5.25,-3.54,-0.79,1.59,0.14,0.17,1.62,1.78,-2.32
196004,1.54,-2.08,-3.52,-4.25,0.57,-1.05,-0.2,1.69,1.38,-1.1
196005,6.52,-0.5,3.87,-3.45,9.58,3.32,3.3,13.78,1.53,0.35
196006,4.32,0.7,1.69,3.53,1.43,-0.34,3.79,-0.15,5.8,2.84
196007,-0.95,-0.49,-4.15,0.71,-4.2,0.1,-2.99,-3.85,-1.22,-1.51
196008,4.52,3.21,1.71,4.11,1.17,7.11,3.15,2.47,4.47,3.02
196009,-3.41,-5.29,-7.02,-0.99,-8.72,-5.91,-8.39,-8.7,-4.54,-5.76
196010,1.65,-0.97,-0.96,2.44,-3.25,0.14,0.22,-3.48,-0.31,-0.84
196011,8.68,-0.69,4.85,3.41,7.03,4.19,6.93,4.05,3.8,6.75
196012,4.47,-0.21,3.94,5.31,3.05,12.45,2.26,6.23,6.43,4.18
196101,5.44,8.58,6.64,9.77,2.89,7.89,2.9,6.06,4.87,7.83
196102,6.65,4.44,5.06,0.74,2.71,0.75,4.96,5.2,3.69,5.67
196103,4.82,3.92,1.61,1.43,2.78,7.43,5.81,3.81,1.76,3.46
196104,-1.36,-1.03,-1.32,4.77,0.49,0.8,0.63,-0.29,1.88,0.52
196105,3.67,1.66,4.58,0.16,2.88,-1.04,4.1,2.29,2.51,4.22
196106,-1.42,-1.87,-2.95,-4.01,-3.34,-3.99,0.53,-3.37,-1.81,-3.86
196107,2.87,7,2.48,2.28,1.8,6.43,2.46,3.46,2.89,1.26
196108,5.13,2.04,2.47,0.21,4.49,0.26,3.27,3.85,3.81,5.31
196109,0.04,5.55,-4.45,-6.42,0.23,-2.77,0.4,-1.3,1.41,-1.81
196110,3.35,0.36,-0.22,6.63,3.38,0.19,8.99,3.53,5.31,2.29
196111,5.49,9.85,2.97,5.55,2.95,8.49,5.08,3.28,3.42,3.94
196112,-3.17,2.13,0.18,3.8,-0.68,3.33,-0.35,-2.01,-4.2,-1.83
196201,-6.14,-0.95,-3.54,0.1,-4.95,-6.08,-8.63,-4.61,-2.57,-1.39
196202,0.26,-1.51,1.41,5.36,-0.01,4.09,1.63,3.77,2.63,1.71
196203,-1.09,-1.16,-0.44,-1.65,0.22,-2.94,0.86,0.55,1.99,-1.84
196204,-6.74,-4.34,-7.93,-3.61,-11.05,-4.71,-4.46,-11,-2.78,-7.11
196205,-11.23,-5.09,-8.2,-4.97,-11.16,-7.11,-9.01,-10.89,-10.45,-7.91
196206,-8.78,-6.56,-9.53,-4.85,-11.56,-8.52,-10.28,-12.58,-5.09,-9.17
196207,5.23,8.68,5.38,4.91,11.33,7.23,4.34,7.79,7.46,5.73
196208,0.89,3.79,2.42,1.85,3.41,1.58,4.3,-7.91,3.18,3.84
196209,-5.62,-2.86,-5.72,-1.77,-8.87,-6.05,-6.5,-4.04,-2.83,-5.73
196210,-3.27,2.33,1.58,-0.28,-0.14,2.77,-1.23,2.48,-1.08,0.66
196211,12.08,7.16,13.17,10.72,14.58,7.16,11.17,17.6,7.61,14.89
196212,1.45,2.91,-0.98,4.7,-0.16,1.08,0.07,0.9,3.45,1.36
196301,5.94,6.39,5.74,2.7,5.65,4.13,4.1,5.66,5.27,5.25
196302,-3.03,-3.01,-2.56,-1.3,-5.05,-1.09,-0.63,-2.57,-1.46,-0.36
196303,2.57,7.45,2.88,6.98,2.75,1.94,2.02,1.19,1.8,2.88
196304,2.37,5.68,4.7,6.06,6.42,3.73,5.49,7.63,2.41,5.86
196305,1.9,7.87,2.08,-0.1,4.2,-0.64,2.59,-0.24,1.04,3.64
196306,-1.38,-2.78,-2.56,1.22,-4.91,-1.94,-1.35,-1.08,-1.11,-1.29
196307,-0.47,-0.21,-1.4,2.3,-0.68,-0.23,-1.02,0.57,0.82,-1.62
196308,4.87,6.56,6.21,3.94,5.15,4.29,6.41,9.57,4.23,5.47
196309,-1.68,-0.23,-0.75,-3.63,0.14,2.36,0.97,-4.05,-2.48,-3.16
196310,2.66,9.73,2.59,-0.31,8.3,3.4,0.49,3.39,-0.66,1.38
196311,-1.13,-4.83,0.31,-1.14,-0.28,4.16,-1.22,-1.64,-1.01,0.23
196312,2.83,0.28,1.92,4.66,3.06,-0.14,0.35,1.55,2.43,2.81
196401,0.79,1.2,2.7,4.85,2.92,3.35,2.55,3.69,1.41,1.24
196402,1.85,2.15,2.77,1.07,1.97,-0.28,1.62,1.67,0.86,5.47
196403,3.08,0.94,3.71,1.41,3.39,-0.94,2.51,-1.93,-0.73,2.18
196404,-0.45,1.94,-1.71,4.03,-3.62,0.81,2.86,-1.41,1.05,0.3
196405,1.56,1.13,1.78,2.15,2.75,-0.4,3.89,0.54,0.84,2.44
196406,1.61,0.68,0.93,0.66,0.53,4.76,3.8,0.6,2.2,1.39
196407,1.72,5.29,1.35,3.35,-1.79,-1.99,1.28,4.77,4.93,1.35
196408,-0.26,1.34,-1.24,-1.85,-2.74,-1.53,0.34,-4.21,-0.01,-3.1
196409,1.68,5.05,4.78,3.09,1.16,-1.02,3.48,2.74,1.86,4.1
196410,-0.16,0.26,0.31,3.07,-0.98,-0.89,2.31,2.89,0.95,1.85
196411,0.7,-1.37,-0.51,2.56,-0.22,-2.23,3.26,2.18,1.37,-1.77
196412,0.24,1.68,-0.81,-0.23,0,3.1,0.19,4.39,0.49,-1.74
196501,6.06,3.77,5.53,0.52,7.47,0.27,3.07,7.67,3.95,4.76
196502,1.59,-0.68,2.52,-3.35,2.21,0.79,1.41,2.43,0.47,2.54
196503,-0.8,1.4,-1.15,-3.02,-0.47,-1.68,-0.84,-0.91,-0.5,-0.26
196504,4.2,7.05,4.03,0.87,5.15,2.3,6.82,2.99,0.63,2.21
196505,-0.8,-3.52,-0.51,0.87,0.49,2.79,0.22,-1.23,-0.93,-1.71
196506,-5.12,-6.82,-6.2,-1.97,-5.7,-4.14,-6.14,-5.3,-3.65,-6.95
196507,1.58,2.31,2.07,1.82,3.61,-0.38,-1.4,3.96,1.07,3.4
196508,4.05,3.22,3.65,1.57,5.89,1.33,2.3,6.3,0.93,5.08
196509,0.45,6.98,3.91,4.38,5.3,1.09,-0.65,2.25,1.38,1.84
196510,2.61,6.35,4.46,1.85,5.23,-2.29,0.31,3.24,1.07,4.24
196511,1.1,-4.02,1.4,0.72,2.74,-4.32,1.4,3.81,-1,3.88
196512,1.29,1.24,3.26,0.18,-1.53,-0.86,1.34,3.84,-0.31,3.49
196601,1.89,0.5,2.9,1.05,1.36,-1.3,-4.33,2.75,-3.05,5.27
196602,-0.48,-1.49,-0.72,-3.46,5.04,0.48,-1.86,-1.54,-4.16,2.08
196603,-2.63,-3.05,-1.78,-2.22,-0.89,-4.84,-2.14,-1.59,-0.11,-2.84
196604,0.42,0.12,2.8,3.14,7.66,1.26,3.09,-0.01,1.2,3.05
196605,-4.92,-8.1,-5.6,-3.73,-6.04,-2.98,-2.85,-5.25,-2.72,-7.84
196606,-1.76,-2.1,-0.97,-2.27,-0.12,0.49,-2.36,1,-1.77,0.74
196607,-1.16,-2.43,-1.5,0.41,-1.75,-1.17,-1.97,-1.71,-0.17,-2.03
196608,-7.21,-7.46,-7.91,-6.35,-5.97,-4.6,-6.36,-8.06,-8.6,-11.71
196609,-1.48,-1.03,-3.59,3.95,-1.89,-0.57,-1.93,-1.12,4.38,-1.84
196610,4.5,0.58,2.51,8.48,0.31,9.19,-1.42,4.88,9.96,3.15
196611,2.33,-3.5,2.7,-1.13,10.89,-2.84,0.72,6.9,-1.35,7.92
196612,0.22,-2.6,1.38,-0.65,0.42,2.98,-4.04,-0.16,2.12,2.09
196701,9.42,12.2,11.2,3.6,10.21,6.23,11.86,6.42,2.82,11.99
196702,2,-1,1.2,-0.06,6.18,2.15,3.22,1.43,-1.71,-0.24
196703,4.45,4.28,5.77,3.62,5.45,2.94,2.39,7.84,1.55,4.18
196704,4.59,10.84,3.72,1.68,7.74,0.19,9.17,4.47,1.88,2.24
196705,-2.63,-7.27,-3.63,-2.41,-4.43,-5.67,-4.66,-5.28,-4.11,-1.87
196706,2.65,1.53,2.1,2.29,6.33,2.72,3.84,5.39,-1.31,3.78
196707,6.03,10.72,5.09,6.93,3.93,-6.62,5.99,3.8,2.3,7.88
196708,-0.84,0.09,-0.47,-1.45,-1,-1.25,0.47,0.67,-0.7,-0.24
196709,3.13,4.99,3.09,4.22,8.37,1.2,2.28,2.9,-0.11,1.37
196710,-2.66,-4.87,-4.43,-0.98,4.81,-3.49,0.67,-5,-5.41,-5.16
196711,0.56,-0.68,0.68,0.79,1.38,0.09,0.89,1.34,3.19,-0.38
196712,3.2,0.89,5.22,3.1,2.2,0.13,3.48,1.63,3.25,5.54
196801,-0.58,-5.15,-6.46,-0.88,-8.68,2.69,1.14,-6.56,0.21,-1.83
196802,-2.67,-2.3,-4.27,-2.64,-4.54,-2.4,-0.78,-4.23,-1.47,-3.55
196803,0.74,0.53,0.8,0.77,4.17,-1.12,2.85,0.11,-3.92,-0.08
196804,11.09,12.02,10.65,5.69,12.39,2.22,12.39,11.91,2.5,12.11
196805,5.02,-0.36,3.18,1.27,3.82,-0.74,3.55,3.35,0.46,6.26
196806,1.19,-1.64,-0.27,1.82,-1.99,4.15,0.38,2.26,8.45,3
196807,-3.9,-2.84,-4.28,5.29,-5.59,-0.19,-5.08,-4.09,0.18,-2.75
196808,2.81,1.17,3.29,1.29,0.54,1.26,2.28,0.69,-0.86,2.83
196809,4.86,6.88,4.52,3.54,2.96,2.95,7.91,0.86,0.28,9.18
196810,0.87,4.71,0.95,2.56,-4.98,3.17,0.76,-0.04,0.5,1.11
196811,4.66,-0.41,5.82,5.57,8.63,5.39,5.11,8.11,8.8,7.64
196812,-1.04,-4.41,-3.51,-2.55,-5.36,-6.64,-4.07,-1.02,-2.87,-3.74
196901,-1.2,-1.86,-0.34,-1.11,-4.67,1.2,-1.04,-0.22,2.42,0.89
196902,-6.59,-3.36,-5.83,-4.59,-3.57,-3.32,-4.06,-5.13,-5.19,-8.34
196903,0.76,5.01,2.54,7.1,5.47,-0.42,5.16,3.35,-1.28,0.76
196904,1.03,1.31,1.32,-0.34,3.92,7.73,3.74,4.99,1.35,1.82
196905,1.19,-0.01,-0.86,3.7,-1.69,1.06,0.57,1.67,0.03,-1.1
196906,-7.33,-5.96,-6.79,-9.91,-0.12,-3.98,-5.42,-5.02,-5.73,-10.66
196907,-6.93,-6.99,-5.57,-9.62,-5.41,-4.49,-8.52,-2.72,-2.97,-9.11
196908,5,3.02,4.13,6.59,7.04,1.66,8.18,9.21,-1.28,9.03
196909,0.26,-0.38,-2.09,-9.62,0.22,-4,-0.6,2.18,-4.13,-0.73
196910,8.35,3.88,6.61,-1.05,5.81,3.5,6.69,8.98,8.29,7.94
196911,-2.4,-4.42,-3.56,-4.5,-1.78,1.18,-4.26,0.35,-5.25,-5.53
196912,-1.96,-3.42,-1.27,-3,-0.74,-5.51,-3.06,4.31,-0.64,-3.74
197001,-4.3,-8.23,-7.2,-11.43,-9.06,-2.56,-5.89,-7.1,-4.22,-8.8
197002,4.72,5.87,4.82,5.39,2.96,7.95,5.32,5.58,8.37,9.4
197003,-0.86,4.99,-0.49,-0.42,-2.57,2.29,-1.68,-5.09,2.92,-1.9
197004,-10.2,-8.76,-9.03,-9.14,-14.33,-8.79,-11.26,-10.11,-8.05,-13.69
197005,-7.51,-6.22,-7.74,2.64,-9.53,-3.74,-9.62,-7.73,-5.35,-8.28
197006,-1.57,-3.79,-4.71,-2.45,-11.75,-8.48,-4.01,-0.47,-4.69,-6.82
197007,6.69,10.33,4.96,12.78,2.42,10.27,10.59,2.15,8.72,8.03
197008,1.5,8.3,4.55,6.54,8,2.5,5.24,1.81,4.68,5.04
197009,5.63,2.82,4.05,3.28,10.18,-0.93,7.97,8.02,-0.53,7.62
197010,0.65,-2.05,-3.13,2.98,-3.53,-3.75,-1.63,0.32,-0.79,-5.88
197011,4.8,6.85,3.94,4.9,4.09,6.11,6.84,2.98,9.4,3.75
197012,7.45,6.28,8.04,2.29,4.44,6.85,5.37,5.35,7.14,8.38
197101,4.92,3.77,6.03,0.4,5.45,9.75,8.29,4.93,2.96,7.8
197102,3.79,2.25,1.23,4.74,2.79,-5.3,3.69,1.32,-2.57,2.23
197103,4.47,3.49,4.24,2.72,8.09,0.73,6.78,3.69,2.4,5.95
197104,2.21,8.57,4.45,4.35,2.38,0.82,5.01,4.24,-3.53,4.35
197105,-3.05,-4.34,-2.2,-4.67,-6.1,-5.21,-1.89,-2.12,-3.68,-4.52
197106,-0.12,-0.51,0.45,1.05,-2.16,1.05,0.45,2.06,4.3,-1.31
197107,-2.13,-5.27,-5.02,-2.14,-8.59,-3.69,-3.55,-2.16,-2.14,-3.85
197108,3.13,10.54,6.5,-1.15,5.71,-0.24,6.21,3.16,-2.32,6.99
197109,-0.05,-0.04,-0.23,-1.66,-1.55,0.27,0.7,0.67,-1.48,-0.41
197110,-4.33,-5.05,-6.02,-4.29,-4.36,-1.83,-3.38,-2.46,2.05,-4.2
197111,-0.38,0.18,-0.92,0.03,1.78,0.43,0.24,0.7,-1.21,-0.26
197112,10.52,6.22,10.05,8.84,11.29,7.55,10.3,7.8,8.13,8.23
197201,2.51,3.39,3.37,0.17,8.43,1.01,0.28,2.64,-0.31,3.37
197202,4.64,0.58,4.87,2.62,1.89,0.24,5.61,7.13,-2.49,2.26
197203,0.09,4.3,2.53,-5.44,1.1,-0.33,2.05,0.47,-0.13,2.3
197204,1.9,-0.58,1.88,-0.65,0.75,-1.06,-0.6,1.11,-2.79,1.8
197205,0.4,-1.19,2.11,3.63,3.72,1.24,1.47,3.72,-0.16,-0.62
197206,-1.11,-2.91,-2.2,-0.97,-2.54,-2.64,-3.94,2.55,-1.55,-4.5
197207,-1.61,-1.99,0.46,-1.08,0.96,0.74,-2.47,3.11,0.06,-2.95
197208,-0.1,3.76,2.22,12.42,2.87,5.18,-0.38,1.06,5.96,3.56
197209,-2.6,-0.91,-1.17,-0.2,-1.15,4.27,-0.54,-0.42,0.19,-1.73
197210,0.02,-2.34,1.08,3.13,-3.29,2.27,0.91,1.51,6.78,1.13
197211,6.87,8.11,4.24,6.2,2.51,7.04,5.95,-0.52,6.4,5.13
197212,0.53,1.75,0.83,1.06,2,1.45,1.84,3.74,-1.53,-0.75
197301,-4.71,-6.68,-3.63,5.03,1.93,-2.12,-4.26,-1.17,-4.27,-7.46
197302,-4.36,-6.02,-2.16,-7.35,-3.02,-4.64,-6.41,-0.7,-1.97,-6.08
197303,-1.04,-2.84,-0.41,3.13,-1.22,0.53,-5.7,0.79,-2.15,-0.28
197304,-6.29,-5.09,-4.55,-1.02,-6.69,0.86,-8.36,-5.47,-0.57,-7.78
197305,-2.12,-4.29,-1.23,-3.44,-2.58,-0.84,-2.13,1.08,0.37,-5.02
197306,-3.48,-2.6,-0.43,1.62,-0.08,-0.32,-5.72,0.03,-2.46,-0.27
197307,7.53,7.21,6.58,0.35,4.99,-0.31,11,6.88,-2.38,9.6
197308,-3.31,-3.91,-1.61,-3.73,-3.67,-3.93,-4.19,-6.9,-2.08,-2.23
197309,5.87,7.86,4.58,9.28,-2.79,7.67,7.44,0.8,7.91,7.2
197310,-2.34,-4.49,0.28,5.23,3.86,-5.54,-3.5,1.84,-3.37,-1.07
197311,-14.31,-16.18,-14.48,-6.16,-11.45,-1.94,-18.69,-7.76,-11.6,-13.44
197312,-1.62,-3.76,1.02,8.6,-4.31,4.54,-0.38,-4.47,3.42,2.45
197401,2.38,6.29,0.42,-7.52,1.26,2.01,6.77,-2.51,4.56,1.13
197402,0,-0.98,-0.1,-1.47,-0.59,4.76,0.96,-1.22,0.28,1.03
197403,-1.85,0.04,-0.88,-3.32,-2.75,-4.59,-3.32,1.22,-3.62,-3.61
197404,-3.77,-3.93,-2.38,-6.29,-3.67,-5.31,-1.95,-1.47,-12.18,-6.39
197405,-2.82,0.53,-2.08,-7.47,-4.25,-1.52,1.17,-0.11,-4.88,-8.37
197406,-0.56,-2.7,-0.29,-0.26,-2.94,0.3,-2.7,-1.61,-6.16,-5.5
197407,-10.21,-11.73,-7.28,-0.65,-8.44,-7.63,-12.89,-14.05,0.8,-6.63
197408,-10.27,-6.69,-10.2,-8.53,-4.89,-0.04,-13.02,-8.1,-8.61,-10.61
197409,-12.15,-12.75,-12.53,-7.86,-16.87,-3.81,-12.01,-15.54,-1.33,-9.57
197410,15.64,4.11,16.27,20.98,14.84,10.85,10.25,29.53,13.01,20.23
197411,-3.84,-4.66,-6.15,-4.17,-4.91,-3.09,-5.71,-1.19,-0.14,-2.75
197412,-0.6,-3.85,-4.45,0.8,-5.29,1.57,-3.4,-3.36,-0.82,-4.34
197501,18.88,21.32,14.48,6.52,15.3,11.1,25.86,-0.6,18.85,17.82
197502,4.1,4.59,8.13,2.29,13.22,5.16,5,16.05,0.93,2.85
197503,7.07,6.7,5.08,-2.19,1.01,-0.85,10.49,1.29,-1.33,4.13
197504,3.11,4.01,9.46,7.27,5.55,-0.95,2.56,0.73,-1.57,3.31
197505,5.21,2.63,2.61,12.36,5.87,3.52,4.25,6.49,8.46,5.69
197506,5.35,10.21,3.65,6.25,2.28,4.07,7.56,0.92,10.78,5.96
197507,-5.39,-2.05,-5.84,-4.17,-9.39,-4.22,-7.47,-12.02,-4.77,-6.11
197508,-3.12,-3.42,-0.87,-0.93,-2.96,-3.59,-0.24,-3.33,-1.29,-5.11
197509,-2.51,-2.55,-5.64,-1.14,-0.83,-1.25,-3.49,-6.53,-0.96,-6.29
197510,10.55,8.88,5.66,-1.38,8.39,6.82,9.8,10.69,6.52,3.92
197511,4.09,3.41,3.19,-1.62,5.03,4.26,4.42,5.13,3.13,3.57
197512,-1.51,-0.38,-1.39,0.07,-1.24,-0.1,-3.01,-6.35,1.34,-0.28
197601,11,15.6,16.81,8.37,18.32,9.5,9.05,7.79,8.38,12.94
197602,-1.07,3.9,1.9,-3.14,1.21,3.56,4.58,-6.51,-3.52,3.13
197603,0.72,3.64,0.78,7.28,2.98,0.59,3.5,6.53,1.43,1.95
197604,-1.71,1.9,-1.39,2.13,-3.39,1.72,-4.63,-4.3,0.66,-1.55
197605,-2.18,-3.17,-1.23,5.5,0.54,-2.95,-5.66,-2.8,-1.37,-1.66
197606,3.65,4.27,3.97,5.08,8.22,3.58,1.41,3.67,4.28,5.41
197607,1.52,-1.06,-1.86,-0.65,-2.2,1.24,-2.22,-0.37,2.83,-0.04
197608,-0.29,-1.42,-1.56,-0.87,-0.83,4.73,2.99,2.18,2.94,-1.13
197609,1.53,4.53,0.92,5.99,2.9,1.61,0.38,3.63,4.11,0.95
197610,-1.6,-1.17,-3.54,-2.4,-4.49,1.27,-0.88,-3.74,-0.83,-0.45
197611,1.75,-0.74,-0.52,0.87,1.67,3.15,4.95,-9.68,3.17,2.05
197612,5.24,9.71,6.09,6.28,3.85,3.46,2.32,6.27,6.54,8.4
197701,-4.08,-4.13,-5.83,0.26,-3.87,0.1,-6.99,-8.81,0.81,-4.14
197702,-1.4,-3.48,-0.71,-2.94,-0.64,0.97,-1.86,-0.2,-3.39,-1.74
197703,-1.39,-3.36,-0.14,-2.07,-0.03,-1.03,-2.71,-1.78,0.16,-0.1
197704,0.52,3.2,0.58,2.58,-3.44,0.67,-3.42,-5.19,1.96,2.17
197705,-0.95,-0.49,-2.69,-0.39,-1.46,1.43,-2.73,-1.87,1.68,-0.83
197706,4.53,4.33,3.38,6.07,7.79,1.96,6.03,9.05,5.73,5.35
197707,1.21,-2.42,-3.51,-1.83,-0.15,-0.86,-0.18,-2.23,0.88,-0.35
197708,0.1,-0.86,-1.12,-5.71,0.5,-2.26,4.65,3.8,-3.24,-1.23
197709,0.26,1.61,-0.96,0.79,-1.78,3.47,-0.65,-0.83,2.02,-0.07
197710,-3.34,-4.45,-4.37,-3.57,-3.18,-5.01,-3.08,-1.67,-3.13,-4.42
197711,4.61,1.96,4.19,3.46,5.23,2.21,5.48,6.03,4.31,6.47
197712,-0.01,-0.64,0.86,1.86,2.41,2.17,-1.32,0.6,-0.31,0.65
197801,-5.3,-6.85,-5.93,-6.89,-4.72,-4.15,-6.85,-1.85,-4.56,-5.31
197802,0.13,0.42,-2.44,-1.09,-3.47,4.12,-0.42,-2.99,-0.39,-0.15
197803,4.15,6.12,3.84,2.04,-0.68,2.64,2.78,4.17,2.49,5.44
197804,6.9,9.69,11.42,6.77,13.32,2.96,10.89,9.21,0.24,9.34
197805,4.25,0.14,4.29,0.82,1.63,-0.39,1.27,5.26,0.72,2.56
197806,-0.26,-2.85,-1.51,-3.72,-0.35,-1.52,-1.94,1.11,0.83,-0.26
197807,3.56,4.64,7.67,3.45,8.59,1.43,5.09,8.88,2.83,6.58
197808,4.13,2.89,3.9,5.14,6.03,3.57,5.62,1.01,0.46,6.36
197809,-0.39,-0.44,-2.07,4.77,-4.15,1.21,-2.62,-2.74,-0.24,-1.24
197810,-11.57,-11.17,-11.39,-10.6,-10.81,-4.53,-14.06,-12.83,-7.1,-14.06
197811,2.21,0.79,3.05,6.22,5.09,3.01,2.57,5.19,3.03,2.52
197812,1.73,-0.55,1.52,2.96,6.45,0.1,-0.6,3.43,-1.22,1.33
197901,4.19,5,6.27,3.2,4.32,3.64,5.65,1.43,6.38,6.08
197902,-3.51,-3.53,-4.46,0.65,-3.3,-0.63,-4.32,-4.51,-1.59,-3.26
197903,4.07,6.61,7.29,9.31,7.62,0.16,6,5.06,2.39,8.19
197904,0.22,3,-0.34,4.32,0.34,-2.13,0.7,0.43,-2.69,1.56
197905,-1.77,-0.78,-2.28,-2.3,-1.97,0.09,-2.56,-2.63,1.42,-0.09
197906,3.28,3,3.49,9.21,0.5,1.95,2.96,4.84,5.02,7
197907,2.07,2.06,2.09,1.71,-1.51,-0.11,1.16,0.15,2.13,3.31
197908,7.55,4.72,7.52,7.97,5.95,1.57,8.83,8.55,2.06,5.85
197909,-1.91,0.44,-0.73,5.85,-1.75,-2.39,-0.8,-0.53,-2.13,-0.67
197910,-7.68,-9.42,-8.84,-2.37,-7.72,-5.03,-8.78,-4.33,-5.79,-10.14
197911,5.16,-2.34,4.95,8.92,8.18,4.06,3.97,8.76,7.8,7.02
197912,3.37,3.39,4.38,2.69,1.8,-1.53,3.01,2.09,-0.91,4.15
198001,3.12,9.06,7.03,14.17,7.39,-2.05,0.9,-1.28,1.61,5.52
198002,-4.79,-6.3,-2.64,12.6,-3.55,-1.48,-4.84,-4.62,-3.35,-3.32
198003,-8.16,-8.73,-11.67,-17.78,-12.66,-2.64,-8.48,-2.83,-6.66,-12.24
198004,6.52,-1.9,3.26,6.86,0.73,7.3,3.43,4.29,11.97,6.06
198005,7.89,4.32,6.19,4.06,4.83,5.02,10.74,6.97,4.62,8.12
198006,2.99,2.79,2.42,5.82,3.04,-0.59,2.41,0.22,4.55,5.17
198007,7.76,11.76,10.77,1.68,15.49,1.02,10.66,8.9,-0.11,6.65
198008,1.45,1.47,1.74,3.8,3.69,6.31,1.97,0.31,-1.07,2.69
198009,0.2,0.98,3.04,6.82,2.02,-1.59,1.13,3.61,0.18,3.65
198010,0.28,-1.72,0.38,8.02,1.95,-3.24,-1.55,-1.28,2.02,1.57
198011,0.92,4.78,8.57,24.57,9.81,0.01,2.92,8.82,7.52,7.39
198012,1.04,-1.15,-2.11,-10.87,-1.16,0.82,-1.44,4.62,-2.01,-0.71
198101,2,-2.19,-2.03,-10.35,-8.07,5.53,0.43,-1.56,-2.71,-2.55
198102,2.49,6.41,4.41,-0.46,0.5,2.15,2.86,1.86,-1.31,1.72
198103,6.93,7.08,5.89,-2.47,5.02,1.16,12.71,5.88,2.97,8.46
198104,1.16,1.82,-0.83,-7.43,0.16,6.21,2.99,3.01,-2.57,0.94
198105,2.64,2.9,-0.31,-4,4.24,7.14,2.74,3.48,1.96,2.53
198106,-0.2,-4.2,-1.37,4.77,-6.66,-1.91,-1.59,-5.57,3.46,-0.96
198107,-0.65,-2.96,-2.72,7.87,-3.77,0.37,-3.2,-3.88,2.81,-2.68
198108,-5.11,-7.83,-6.86,-6.39,-7.26,-0.8,-5.28,-7.74,-0.83,-5.48
198109,-2.18,-2.96,-7.02,-12.29,-3.88,2.81,-3.73,-1.32,-5.55,-5.45
198110,7.51,-4.13,3.77,10.01,5.16,6.03,6.89,7.96,4.88,7.16
198111,2.69,4.83,4.31,6.87,1.55,2.64,1.02,3.94,5.92,5.09
198112,-1.79,0.42,-1.49,-6.53,-0.01,-1.43,-2.15,-0.74,-2.32,-3.74
198201,-0.9,1.22,-3.18,-8.57,2.79,0.67,0.18,1.46,-0.68,-3.24
198202,-1.97,-1.93,-5.75,-10.93,-5.21,-5.7,-1.46,-1.79,-0.42,-3.91
198203,2.47,3.65,-1.71,-3.6,-3.56,2.05,4.28,-2.57,1.64,-1.29
198204,6.64,4.49,3.14,4.41,7.45,-0.17,5.46,7.35,3.84,3.73
198205,-3.21,-1.81,-4.59,2.48,-5.41,-1.05,-2.67,-3.04,-0.49,-5.46
198206,1.7,2.71,-2.59,-6.46,-2.32,-2.55,2.97,-0.72,-2.23,-2.42
198207,-0.46,-0.39,-2.29,-7.94,1.57,1.18,0.18,0.82,-2.61,-3.01
198208,9.21,13.77,13.81,9.83,12.79,10.84,12.49,12.39,11.94,11.34
198209,5.32,-0.71,-1.01,1.97,1.2,1.03,4.65,1.35,1.1,4.17
198210,10.58,16.57,12.96,5.62,16.97,8.18,16.95,8.35,4.91,15.7
198211,5.16,8.23,5.74,-4.38,10.68,6.01,11.04,5.25,0.12,7.62
198212,0.85,3.15,0.81,5.48,2.7,-1.23,-2.13,0.55,4.3,-1.3
198301,-1.02,5.13,5.04,3.71,8.4,12.35,1.44,1.49,3.65,2.86
198302,3.76,3.57,4.1,-0.38,3.6,-0.3,8.07,2.79,1.46,4.63
198303,7.39,-1.06,2.16,5.98,0.69,0.71,8.57,4.62,0.31,4.97
198304,6.3,11.04,6.35,9.46,7.51,5.13,8.69,5.11,4.79,8.23
198305,-0.88,-2.13,2.18,1.3,2.75,-1.28,0.39,-2.69,2.63,2.48
198306,2.97,10.41,1.64,6.49,6.14,0.23,6.14,6.88,-0.4,1.6
198307,-2.6,-3.61,-2.45,-2.37,-5.32,-5.17,-3.3,-5.59,1.06,-3.66
198308,0.64,-2.47,0.73,7.17,-1.07,2.19,-4.82,-1.07,1.51,-0.76
198309,4.59,4.45,2.41,-4.84,2.15,2.26,2.29,1.3,4.67,1.64
198310,-0.24,0.38,-2.28,-2.12,-6.87,-5.22,-1.6,-2.14,3.08,-4.01
198311,2.27,4.13,6.33,-0.55,2.27,3.17,4.44,-3.02,-1.55,4.69
198312,-0.46,0.98,-1.01,1.9,0.39,-1.52,-4.74,-3.57,-3.63,-0.85
198401,-0.76,-5.38,-3.49,9.97,-6.15,4.06,-5.91,-0.6,1.5,-1.66
198402,-5.73,-6.07,-6.63,3.88,-5.93,-3.7,-4.47,-1.98,-3.35,-4.88
198403,1.56,0.38,3.23,0.17,1.86,-4.21,1.27,-0.68,-0.23,2.46
198404,0.48,1.31,0.01,4.06,-0.42,2.18,0.25,2.3,-0.38,-2.07
198405,-2.4,-5.55,-5.7,-5.05,-5.51,-3.49,-5.13,-6.47,-0.82,-6.85
198406,6.31,2,3.23,-2.21,1.81,12.26,7.42,3.84,0.49,2.25
198407,-1.72,2.6,-1.5,-7.16,-2.31,2.87,0.12,-3.83,-0.02,-1.79
198408,8.77,10.01,11.98,13.76,13.89,7.15,9.91,10.27,7.76,11.17
198409,1.26,-0.13,-2.49,2.12,-3.89,4.04,0.03,-4.4,4.82,2.27
198410,1.43,2.17,0.55,-4.49,-0.5,-3.52,-0.71,1.61,3.33,0.74
198411,0.31,-2.98,-1.39,-0.99,-3.83,0.46,-2.81,-0.02,3.04,-0.3
198412,2.45,4.6,2.19,-0.54,2.44,5.33,0.72,2.8,2.65,3.71
198501,5.02,9.82,8.45,6.54,12.56,5.25,13.26,8.29,2.4,9.8
198502,5.04,-1.58,1.41,3.82,-1.29,3.37,2.05,3.6,1.4,2.17
198503,4.69,-5.23,-2.7,1.56,-6.01,4.45,-0.54,3.02,6.12,-0.14
198504,-2.12,-3.44,-1.5,3.86,-3.6,-0.71,0.12,-1.72,1.63,1.47
198505,7.9,5.95,6.13,0.65,2.88,8.35,9.61,9.6,5.52,6.37
198506,2.72,1.52,1.56,-0.79,-0.67,4.5,1.57,2.3,3.64,2.96
198507,-2.58,2.41,3.48,-0.32,4.47,-4.54,-4.04,-0.39,-4.69,-0.14
198508,0.76,-2.61,-1.13,1.4,-2.51,0.52,-0.61,-0.79,1.93,-0.45
198509,-0.65,-3.25,-3.92,-1.3,-4.75,-4.2,-4.3,-3.88,-5.3,-4.91
198510,3.58,0.88,3.31,6.16,3.07,4.07,6.81,3.2,6.31,6.38
198511,8.48,9.99,7.86,0.49,8.67,7.37,7.9,9.79,4.25,7.42
198512,5.42,7.19,4.58,-3.14,8.29,6.2,4.59,3.49,4.86,4.5
198601,1.84,2.2,1.55,-6.76,-0.27,-3.94,1.49,1.15,3.79,3.55
198602,10.81,10.93,10.19,0.77,5,7.38,7.69,6.09,6.56,8.35
198603,8.02,7.92,6.03,0.02,-0.06,3.79,8.66,12.06,3.96,5.77
198604,0.43,-3.54,-1.72,0.72,3.93,2.43,0.16,0.73,-3.88,-2.63
198605,8.85,3.19,4.46,7.32,0.99,4.8,9.89,7.25,3.63,4.69
198606,6.24,-1.25,0.03,-2.33,-3.96,5.43,3.87,5.68,5.09,1.54
198607,-5.7,-9.03,-7.27,-5.23,-8.33,-3.02,-9.51,-5.35,5.15,-6.42
198608,2.62,7.53,6.17,16.66,6.98,6.87,1.74,4.02,7.91,6.93
198609,-10.82,-8.17,-6.78,-0.93,-7.07,-9.29,-8.4,-12.56,-9.08,-8.8
198610,8.86,6.5,6.48,2.05,0.63,4.66,7.46,7.94,5.25,4.27
198611,0.74,4.84,2.84,3.07,3.54,3.94,1.84,1.36,0.56,-0.6
198612,-3.19,-2.18,-1.9,-0.48,-3.67,-3.73,-6.26,-1.24,-3.3,-2.53
198701,14.51,18.82,14.34,13.91,16.47,5.31,11.54,13.17,9.31,11.18
198702,5.62,3.48,4.8,-1.67,9.42,0.04,9.88,11.29,-2.14,4.7
198703,1.07,4.64,3.25,12.27,2.69,1.43,1.76,0.16,-1.65,-0.29
198704,-3.66,4.09,-1.37,0.18,4.4,-2.42,-2.84,-2.45,-4.32,-4.09
198705,2.58,-1.4,0.51,3.06,0.3,3.33,-0.1,1.24,-1.84,-0.01
198706,6.82,2.99,5.1,5.73,0.02,7.04,6.53,4.77,3.4,4.63
198707,5.68,6.97,7.21,3.29,1.04,6.01,5.9,5.76,-1.67,3.62
198708,3.73,5.69,2.71,1.79,7.41,5.1,3.34,2.21,3.72,4.34
198709,-2.75,-3.97,0.35,-3.85,-2.7,2.99,-6.33,-2.54,-2.3,-1.78
198710,-21.03,-26.92,-27.32,-18.32,-25.92,-12.35,-28.24,-20.45,-6.93,-23.59
198711,-8.02,-8.51,-5.15,-10.58,-9.79,-8.92,-8.48,-9.3,-2.52,-6.59
198712,7.52,8.62,10.85,6.64,11.87,4.27,8.55,5.35,0.58,5.44
198801,3.02,4.49,0.4,8.69,-2.43,9.76,5.65,6.38,9.77,6.4
198802,6.01,6.28,7.53,3.54,7.48,1.32,10.54,4.21,-1.42,4.32
198803,-1.52,-4.16,-1.16,2.48,-4.64,-3.82,-0.99,-2.54,-3.16,-1.32
198804,-0.07,2.91,1.64,4.55,2.6,0.67,1.75,-1.98,-0.28,-0.37
198805,-0.3,1.24,-0.3,-0.51,-1.3,2.17,-1.36,-0.25,3.6,0.97
198806,3.41,8.27,7.44,-2.04,9.41,3.01,6.69,2.69,3.24,6.03
198807,1.62,-0.81,-2.35,3.51,-5.09,0.02,-0.79,0.5,-0.25,-0.52
198808,-0.22,-6.67,-4.41,-1.49,-8.18,-3.05,-2.55,-1.07,-0.12,-0.9
198809,6.49,3.91,3.44,-2.4,2.85,7.36,8.06,3.87,2.72,4.15
198810,8.16,3.34,0.7,1.83,0.01,2.8,1.71,1.23,2.54,0.02
198811,-1.14,-0.93,-2.14,-0.3,-3.14,0.34,-2.83,-2.15,-0.45,-2.12
198812,3.51,0.27,3.13,1.84,4.9,1.62,1.49,1.84,1.03,0.92
198901,5.64,7.61,7.53,6.33,7.1,8.96,6.38,6.81,2.77,6.89
198902,-1.4,-2.98,-2.08,-1.3,-3.75,-1.22,-1.78,-1.14,-1.81,-0.37
198903,5.43,-1.4,1.21,3.83,-5.48,5.56,2.89,4.97,0.58,3.42
198904,5.73,0.48,5.34,2.62,5.2,9.63,5.54,5.42,3.91,4.65
198905,5.37,2.31,3.65,2.83,2.47,5.79,5.28,3.44,5.35,4.21
198906,1.48,1.29,-2.67,-0.95,-3.25,-0.03,-2.05,-2.73,3.41,0.94
198907,11.98,5.13,7.64,3.77,2.96,8.57,9.15,13.9,5.81,8.15
198908,-1.99,5.44,4.44,3.37,2.54,1.02,2.71,0.38,-0.79,3.42
198909,-0.54,-4.59,-2.52,1.42,-2.7,3.81,-2.22,2.39,0.49,1.43
198910,-2.49,-5.69,-4.35,0.47,-4.41,-2.03,-4.1,0.4,1.02,-4.84
198911,1.68,-1.17,3.07,3.94,-1.8,1.99,1.38,4.54,3.24,-0.01
198912,1.36,-1.44,3,5.87,-1.08,5.73,1.26,1.06,4.8,-1.49
199001,-9.43,-3.83,-6.28,-4.13,-1.27,-13.4,-6.23,-7.36,-5.34,-8.82
199002,-0.4,5.14,2.56,3.04,4.12,-0.34,1.93,-2.05,0.23,2.55
199003,4.54,2.91,3.92,-0.47,4.47,4.18,5.31,3.87,-0.74,-0.3
199004,-0.27,-4.03,-2.73,-3.58,-1.99,-3.46,-1.9,0.3,-5.5,-3.46
199005,9.04,7.77,8.09,5.96,12.55,9.4,11.71,12.77,5.43,9.07
199006,2.03,-2.24,-0.59,-2.07,-1.16,-4.7,1.63,4.45,0.76,-1.55
199007,-0.81,-3.47,0.23,8.24,-7.42,-4.59,-4,2.6,0.89,-3.45
199008,-7.36,-14.26,-12.06,-1.19,-12.03,-10.72,-12.16,-6.81,-6.62,-11.39
199009,-4.11,-10.57,-8.03,-1.58,-6.65,1.29,-8.41,-4.34,0.49,-9.97
199010,2.45,-3.21,-1.81,-4.19,-3.49,2.8,-3.06,1.44,7.24,-6.35
199011,6.55,4.12,7.41,1.64,11.2,3.1,10.38,9.46,2.31,10.65
199012,4.41,-0.43,4.9,-2.16,4.19,1.75,3.4,2.76,0.81,5.46
199101,5.15,7.3,6.45,-2,14.97,0.18,9.42,4.54,-1.36,7.49
199102,10.29,10.25,5.97,8.4,6.42,3.41,8.05,9.86,4.84,9.7
199103,4.78,1.17,1.37,1.29,0.76,2.34,8.62,5.44,1.72,3.07
199104,-0.96,-2.34,0.4,2.54,-2.88,1.12,1.97,-1.11,-0.02,1.31
199105,3.59,14.73,7.39,-1.38,3.62,-1.45,7.54,4.62,0.17,5
199106,-4.95,-4.45,-4.2,-3.69,-8.81,-1.9,-4.17,-4.15,-2.36,-5.2
199107,5.67,-0.4,3.18,5.03,4.64,3.2,5.41,8.45,4,4.7
199108,5.4,-2.13,1.97,1.76,2.82,0.84,3.69,2.87,3.54,3.11
199109,-3.25,-2.67,-2.28,-0.69,-1.29,0.54,-3.24,-0.39,3.74,-0.55
199110,-0.62,-1.98,1.53,2.04,2,2.11,-1.95,6.65,1.24,2.34
199111,-0.52,-7.96,-5.44,-7.66,-4.36,-4.92,-1.2,-2.54,1.9,-5.36
199112,14.63,7.65,11.52,1.95,9.14,9.83,13.01,16.48,5.02,12.61
199201,-3.05,10.5,2.21,-4.14,6.64,-2.62,0.34,-5.54,-4.57,2.12
199202,1.1,12.29,2.05,-0.51,3.87,-1.21,2.61,-2.58,-1.22,3.16
199203,-1.56,0.8,-1.24,-2.77,-5.16,-0.98,-1.32,-5.45,-0.52,-2.14
199204,0.74,7.91,3,9.48,-1.01,6.85,-3.47,-2.14,2.69,0.53
199205,1.38,-1.91,-0.54,3.21,0.04,-1.7,0.19,1.09,2.55,1.54
199206,-2.88,2.17,-3.3,-3.47,-4.08,1.24,-1.89,-4.67,0.55,0
199207,4.67,0.44,3.03,5.36,2.99,5.37,3.85,5.73,6.7,3.21
199208,0.85,-9.45,-3.52,2.58,-4.54,-1.05,-0.54,-3.29,-0.48,-3.4
199209,1.1,0.3,1.82,0.15,3.37,1.81,4.05,-4.89,0.83,3.47
199210,-0.85,0.07,0.83,-3.45,2.13,-0.53,4.33,3.33,-0.41,2.97
199211,3.65,8.65,3.97,-2.63,6.36,4.29,7.2,4.88,-0.23,6.03
199212,0.08,3.38,1.49,1.93,0.01,5.57,0.62,-1.39,2.71,3.84
199301,-0.78,9.49,-0.03,2.76,4.85,1.16,0.04,-6.76,2.46,3.29
199302,-2.05,-0.27,1.66,6.02,-0.34,5.72,-1.51,-8.93,6.22,0.43
199303,0.01,5.46,2.26,4.11,2.22,3.26,2.78,0.82,1.78,3.91
199304,-9.24,2.32,-0.08,1.19,-3.67,-2.87,-8.13,1.32,-0.14,-3.21
199305,2.67,1.09,2.39,1.75,8.79,4.23,5.88,3.62,-0.05,1.72
199306,-0.75,3.32,-0.2,-1.11,-0.42,4.64,-2.88,-2.92,3.19,2.22
199307,-2.36,1.69,-0.01,0.49,-3.88,2.15,0.66,-5.98,1.96,2.07
199308,4.28,0.51,3.44,4.23,6.42,5.47,3.98,3.07,3.68,3.47
199309,-1.79,0.83,-1.95,1.45,1.34,-0.48,-0.31,0.93,-0.62,1.7
199310,6.09,7.52,3.18,-1.86,1.61,2.59,4.62,6.01,-1.95,-2.27
199311,0.67,0.85,1.19,-5.88,0.02,-6.04,0.68,1.12,-5.5,-2.79
199312,1.46,4.52,3.74,0.54,2.99,-0.44,-2.08,2.5,1.62,2.62
199401,-0.44,6.97,4.83,4.87,4.73,2.01,0.64,1.93,-1.21,4.42
199402,-1.28,-4.35,-0.6,-2.96,1.67,-5.53,1.99,-5.54,-4.94,-3.89
199403,-4.05,-6.41,-4.38,-3.62,-3.88,-3.74,-4.6,-6.71,-3.92,-4.28
199404,1.22,-0.44,0.1,4.14,-1.59,1.42,0.26,2.41,2.12,1.27
199405,-1.33,-2.76,2.1,0.9,2.1,1.66,-1.9,4.38,-5.34,3.01
199406,-1.83,-3.42,-2.56,-2.67,-5.22,0.71,-2.61,-3.68,-3.12,-2.63
199407,2.94,3.71,4.57,3.31,3.88,3.2,0.8,1.05,5.17,2.66
199408,6.05,-0.22,4.75,-0.05,9.35,1.16,4.56,10.72,0.67,3.48
199409,-0.32,-5.05,-1.65,-2.07,-0.5,-1.1,-2.28,1.74,-2.77,-4.22
199410,2.16,-1.45,0.59,7.38,7.27,-0.09,1.22,0.89,1.57,0.16
199411,-1.66,-5.06,-5.43,-4.83,-2.13,-5.45,-3.37,0.44,0.27,-5.17
199412,1.32,3.84,4.07,-0.98,2.48,0.9,-2.82,0.53,0.36,1.48
199501,1.84,-5.83,-0.39,0.38,-0.8,4.2,1.55,6.16,6.24,4.73
199502,3,5.08,5.51,4.49,6.78,1.51,2.67,2.25,0.83,4.87
199503,2.73,1.45,3.51,5.28,4.54,0.28,3.5,2.7,-1.74,1.99
199504,1.84,1.42,2.99,2.35,8.3,1.59,-1.67,3.08,2.39,1.62
199505,4.72,4.85,3.19,4.09,3.06,0.63,2.73,1.64,6.02,4.48
199506,1.69,0.84,2.09,-3.08,9.82,3.86,4.96,4.47,-0.45,2.16
199507,1.25,2.66,3.54,2.31,7.92,5.14,3.55,5.32,-0.37,4.88
199508,0.68,0.73,-0.16,-1.6,-0.07,4.33,-2.77,1.05,0.99,3.73
199509,6.69,-0.51,2.26,1.32,1.27,5.63,2.79,7.46,6.25,4.58
199510,0.36,-4.77,-2.69,-0.23,1.49,-0.12,-5.49,1.16,1.49,-2.04
199511,4.51,5.46,6.54,4.77,-0.72,2.67,6.16,4.96,1.57,6.18
199512,1.7,3.16,1.54,5.8,-4.2,3.93,-0.81,5.94,5.07,1.14
199601,2.67,3.5,3.38,-0.35,1.94,2.33,-0.34,5.96,1.92,3.53
199602,3.12,2.03,0.9,1.06,6.37,-2.19,4.33,-1.06,-2.57,2.24
199603,-0.94,4.29,3.49,4.99,-3.44,-1.87,5.98,0.25,-0.46,1.71
199604,0.1,3.55,1.63,3.45,10.07,2.7,4.24,-0.59,-2.58,0.2
199605,6.56,2.25,2.35,0.49,3.89,0.06,4.39,3.94,1.36,1.59
199606,3.24,-4.92,-0.45,0.93,-4.93,0.44,-1.61,-0.18,5.22,-0.24
199607,-4.1,-4.17,-3.97,-4.66,-7.54,-8.54,-7.52,-6.04,-5.81,-4.31
199608,-0.74,3.17,3.23,2.98,4.44,-0.92,5.85,4.2,2.9,3.92
199609,3.68,2.4,6.15,4.01,10.6,1.52,3.53,7.35,0.68,5.08
199610,1.78,0.14,1.61,5.85,-1.24,-0.73,-2.2,-0.68,3.62,3.96
199611,5.13,6.02,6.1,5.54,12.04,5.65,3.14,6.68,2.62,7.55
199612,0.52,-3.18,-0.39,0.81,-2.55,2.63,-3.45,-2.67,0.15,-1.79
199701,5.58,3.17,4.26,4.33,9.41,2.34,0.17,9.6,0.91,6.04
199702,4.09,0.36,0.81,-5.68,-7.45,2.28,3.11,0.96,-0.56,2.61
199703,-5.12,-3.93,-3.72,5.22,-5.55,-7.6,-1.28,-7.4,-2.75,-5.88
199704,5.19,2.32,5.32,0.06,8.2,2.54,2.21,6.16,-1.38,5.24
199705,5.89,6.68,7.83,7.34,10.15,6.64,6.04,6.92,3.78,6.26
199706,3.53,3.91,5.2,1.32,1.36,3.78,5.04,8.91,3.07,5.38
199707,3.35,7.47,7.16,7.41,15.99,2.75,7.78,2.07,2.82,9.24
199708,-6.24,1.38,-5.51,0.25,-1.31,-2.28,-2.57,-6.13,-1.15,-4.79
199709,5.56,5.35,3.32,6.31,3.48,9.68,5.21,6.62,4.66,7.92
199710,-3.14,-3.29,-5.88,-2,-8.4,3.33,-2.21,0.27,0.95,-2.61
199711,6.45,-1.62,4.23,-3.54,1.47,10.26,5.37,2.87,7.15,3.03
199712,3.77,4.11,-0.23,-1.5,-4.19,4.56,-0.23,3.56,7.98,5.36
199801,-2.89,0.56,0.75,-5.72,5.25,4.84,0.94,5.74,-4.36,-2.11
199802,5.14,12.29,7.14,6.84,10.43,2.62,10.41,5.46,2.66,8.21
199803,5.72,6.25,4.9,4.81,1.32,9.81,6.55,3.62,6.78,5.8
199804,-3.1,1,1.25,3.81,5.12,-3.03,-0.4,1.93,-2.5,1.83
199805,1.08,7.21,-2.45,-4.19,-6.96,-1.65,2.15,-2.46,-0.87,-3
199806,3.8,1.81,-0.57,-1.35,8.78,3.21,4.8,6.19,2.85,3.15
199807,-4.07,-1.31,-5.76,-6.78,0.5,3.79,-3.09,-0.21,-5.33,-1.7
199808,-12.99,-19.16,-14.29,-10.4,-17.59,-11.81,-14.22,-12.25,2.26,-21.34
199809,1.3,1.56,0.6,13.02,15.21,10.14,1.5,12.01,7.99,2.68
199810,10.8,11.72,11.23,1.29,6.32,6.72,10.57,3.86,-1.75,8.99
199811,6.33,4.85,3.59,0.46,11.65,3.69,9.56,6.19,1.36,6.21
199812,0.51,4.27,2.34,-1.15,15.29,14.35,8.98,5.03,2.84,3.62
199901,-3.41,5.44,0.6,-5.5,15.11,8.71,2.37,0.25,-6.25,1.12
199902,-3.78,-4.3,-1.95,-3.16,-11.45,-2.91,-1.51,0.24,-3.77,0
199903,-1.96,-0.83,4.75,15.43,8.52,-0.69,2.82,2.56,-1.68,2.41
199904,3.76,10.34,9.3,15.92,2.35,8.29,0.5,-5.53,7.19,6.77
199905,1.41,-5.53,-3.2,-3.12,-0.63,1.04,-2.88,-2.04,6.73,-3.51
199906,0.33,0.6,4.59,-1.47,11.73,5.84,7.93,4.5,-4.28,3.26
199907,-2.48,-5.96,-1.09,1.66,-1.78,-1.61,-5.05,-4.43,-0.6,-6.04
199908,-4.63,1.13,-0.34,1.87,5.47,-7.56,-5.99,3.73,0.63,-5.12
199909,-6.77,-7.75,-2.81,-3.87,-0.18,4.4,1.43,-7.08,-4.3,-4.34
199910,6.45,4.45,4.33,-1.57,3.27,9.51,3.37,10.79,2.18,11.42
199911,-1.22,-1.92,-1.06,3.79,12.92,4.34,4.17,1.51,-7.44,-2.22
199912,-2.5,2.88,9.78,0.69,20.76,4.21,6.54,-5.63,-2.33,1.49
200001,-4.79,-0.86,-7.96,0.91,-4.7,-3.98,-11.24,7.57,5.76,-4.61
200002,-6.19,-7.94,-4.23,-5.43,18.22,-3.46,-3.9,-2.87,-7.25,-6.97
200003,7.76,10.52,8.35,12.27,3.95,7.53,13.34,0.29,5.78,14.12
200004,-1.82,9.27,1.02,-1.97,-10.7,-7.9,-4.29,5.26,7.61,-3.39
200005,7.24,-13.21,-1.43,9.45,-10.83,-10.45,-2.68,3.95,3.91,3.4
200006,2.39,-9.47,-1.15,-5.16,13.05,4.21,-2.28,11.53,-4.75,-2.74
200007,0.79,4.62,-0.61,-2.6,-5.17,-7.36,-1.34,-6.15,4.44,5.53
200008,-1.81,4.58,6.96,8.92,12.57,-1.04,-2.44,3.59,11.73,9.06
200009,3.46,-4.09,-6.03,4.38,-14.99,-4.03,2.73,3.73,9.64,0.33
200010,7.63,1.88,4.62,-3.04,-7.3,-0.37,-1.44,2.61,-2.23,-1.04
200011,2.78,-11.2,-3.63,-2.94,-23.37,-15.58,-1.34,0.8,3.11,-5.98
200012,5.46,1.08,7.11,7.76,-7.94,-4.22,5.63,3.54,6.59,7.19
200101,-1.92,13.21,-0.03,-3.38,16.53,14.26,6.62,-8.93,-10.76,0.09
200102,0.18,-1.24,-4.25,0.13,-26,-9.95,-5.33,-0.49,6.25,-4.4
200103,-4.65,-3.05,-7.29,-0.3,-13.6,-5.85,-2.86,-8.43,1.65,-4.16
200104,0.93,8.45,8.52,10.33,18.01,2.66,5.61,4,5.47,5.85
200105,3.35,-2.31,2.87,0.1,-3.32,-1.31,1.6,3.04,0.02,3.71
200106,-1.61,3.49,-4.48,-7.7,1.48,-3.07,-2.48,-2.84,-6.21,0.04
200107,-0.18,3.29,0.57,-2.54,-7.61,-0.73,4.6,2.31,-3.65,-2.29
200108,2.51,-11.35,-1.95,-3.58,-12.65,-9.26,-6.97,-3.1,0.43,-5.34
200109,-2.57,-16.89,-12.74,-5.64,-18.95,-2.46,-9.59,-0.58,-6.38,-8.29
200110,1.08,0.91,3.92,4.79,15.7,-9.42,1.65,1.19,1.42,-0.55
200111,2.08,15.51,8.37,-4.1,15.95,6.03,10.15,5.05,-1.62,7.93
200112,2.02,-0.9,2.67,6.17,-0.58,2.75,4.52,-2.87,3.86,3.32
200201,1.92,2.95,1.67,-2.98,-0.56,-7.22,2.77,-2.35,-4.06,-2.95
200202,4.36,3.06,4.32,5.2,-13.24,-2.39,-0.08,-0.5,-0.24,-0.52
200203,3.74,6.93,4.94,7.82,6.46,0.32,2.04,0.47,10.05,5.44
200204,2.66,1.75,-1.48,-4.39,-11.78,-12.7,-1.37,-7.58,-0.55,-3.71
200205,1.44,-0.2,-0.28,-0.58,-3.8,2.98,-1.25,-2.22,-6.46,-0.4
200206,-5.79,-8.1,-3.12,-0.43,-12.22,-14.39,-5.07,-9.59,-5.35,-5.38
200207,-6.72,-12.25,-8.5,-11.94,-9.62,-11.69,-11.3,-2.54,-12.29,-6.42
200208,2.49,0.39,-1.26,0.55,-0.86,0.34,1.91,0.67,3.39,1.15
200209,-7.68,-11.07,-8.25,-8.12,-16.73,-9.32,-9.39,-5.85,-10.85,-10.68
200210,5.22,-3.29,3.9,3.29,19.42,21.34,5.71,5.7,-0.67,6.39
200211,-1.27,12.08,6.24,3.18,16.15,11.83,1.94,3.71,1.63,4.62
200212,0,-7.25,-3.75,0.77,-13.02,-9.07,-6.93,-4.05,3.86,-4.96
200301,-4.78,-3.22,-4.06,-2.4,-1.46,-3.48,-4.76,-0.58,-3.16,-2.3
200302,-3.11,-5.04,-2.15,1.99,1.28,-6.44,-1.2,-1.93,-3.91,-2.61
200303,-2.67,-2.75,1.32,1.19,-0.96,-0.57,4.62,3.8,4.36,0.77
200304,4.7,15.19,6.4,-0.56,9.28,11.17,8.91,4.33,7.45,11.81
200305,9.22,2.86,4.64,8.92,9.78,6.22,3.42,3.92,10.12,5.32
200306,1.57,2.69,0.55,-1.2,0.26,1.96,3.47,4.12,0.67,0.94
200307,-2.33,6.61,4.96,-2.69,5.68,-1.62,3.33,0.63,-5.24,3.55
200308,0.66,7.87,4.2,6.27,6.06,1.39,6.77,-2.52,1.92,0.62
200309,1.11,-4.06,-3.74,-2.3,-0.88,-5.66,-4.52,0.24,3.91,0.34
200310,5.59,6.98,8.87,1.55,8.24,6.69,9.04,0.73,1.59,6.44
200311,3.78,3.1,2.09,0.62,1.9,-0.63,0.59,1.64,0.95,1.13
200312,3.31,12.31,6.76,13.59,2.11,7.35,-2.12,5.69,5.82,4.47
200401,0.12,-1.11,-0.61,0.46,4.51,1.43,0.46,3.05,1.93,2.74
200402,4.28,-0.1,2,4.7,-2.92,-0.79,6.09,0.92,2.07,2.02
200403,-0.3,-1.14,-0.21,-0.15,-2.53,-2.42,0.31,-3.9,1.18,-0.59
200404,1.51,2.39,-0.18,2.49,-4.89,-0.49,-2.67,3.58,-3.5,-3.81
200405,-2.19,-1.6,1.6,0.43,4.84,-2.9,0.28,-0.37,1.29,2.09
200406,1.87,5.09,5.36,5.5,2.64,0.6,0.08,-0.37,2.02,1.53
200407,-5.81,-4.68,-4.03,3.29,-8.48,-1.28,-3.97,-5.86,1.06,-2.4
200408,0.83,-2.29,1.28,-1.23,-4.42,1.29,-1.14,1.67,3.68,1.94
200409,-1.76,2.46,1.92,8.89,3.3,1.36,2.59,-1.41,1.43,1.24
200410,2.87,-2.64,-1.36,0.67,5.04,3.42,3.09,-2.4,4.24,1.23
200411,4.52,7.19,7.18,6.57,5.85,3.44,3.62,0.67,4.93,4.97
200412,4.8,4.86,2.62,-2.08,3.2,4.33,3.44,5.67,2.42,4.43
200501,-0.08,-6.7,-1.77,3.03,-6.11,-3.91,-1.07,-4.05,1.77,-2.43
200502,0.6,-0.27,4.16,19.04,-0.17,-0.14,0.87,2.49,2.33,0.22
200503,-0.88,-7.55,-1.47,-3.26,-2.4,-0.12,0.01,-0.4,0.64,-2.39
200504,-1.02,-11.05,-4.74,-5.78,-4.53,-1.98,-5.33,3.96,2.11,-1.63
200505,2.27,8.66,2.9,2.18,7.76,1.45,6.4,1.47,1.71,3.4
200506,-1.61,1.78,-1.19,5.86,-1.56,0.17,2.48,-0.56,5.58,1.43
200507,2.41,5.22,5.81,6.15,6.01,2.98,5.85,3.74,3,2.46
200508,0.1,-2.72,-1.39,5.72,-0.57,-1.13,-5.56,-0.32,1.17,-1.69
200509,0.25,-4.79,0.76,7.06,0.76,-1.51,-1.74,-1.94,4.4,1.24
200510,-1.81,-4.16,-2.42,-10,-1.63,-3.1,1.63,-3.24,-6.84,1.25
200511,1.01,2.29,5.32,1.39,6.55,2.56,4.01,1.58,-0.18,4.95
200512,-0.16,-0.65,1.45,0.73,-1.8,-1.58,-0.6,2.4,1.24,0.19
200601,0.18,6.16,5.05,12.7,3.77,3.72,2,2.17,3.06,1.57
200602,1.15,-0.3,1.2,-8.21,-1.24,3.31,1.45,1.08,0.24,1.1
200603,1.23,2.78,2.97,4.21,2.98,1.83,2.42,-0.95,-3.63,1.86
200604,1.03,0.54,4.02,4.65,-1.07,1.68,-1.65,-1.93,1.86,2.27
200605,1.3,0.51,-3.3,-3.37,-6.79,-0.26,-1.92,-2.17,1.53,-3.22
200606,-0.08,1.93,-0.5,2.59,-1.17,2.86,0.28,-0.13,2.42,-0.29
200607,3.49,-3.15,-3.77,4.71,-3.9,2.31,-4.3,4.28,4.88,-1.11
200608,3.09,2.07,2.09,-3.55,7.19,2.34,2.06,2.3,2.36,1.64
200609,-0.31,4.28,1.92,-3.52,3.68,3.36,5.77,1.68,-2.14,3.37
200610,2.59,5.14,4.37,5.03,4.29,5.36,3.92,1.67,5.37,2.89
200611,1.44,1.87,3.59,8.57,3.03,0.8,-1.3,0.06,3.04,1.75
200612,1.98,-0.78,0.52,-2.06,-0.98,4.23,1.46,0.09,0.71,3.22
200701,1.35,2.72,3.23,-1.3,2.18,2.98,3.56,3.51,0.39,1.11
200702,-1.79,-0.42,0.81,-2.16,-2.48,-2.52,-0.62,-2.79,4.26,-2.31
200703,2.47,-1.06,1.59,6,0.92,2.31,0.74,-0.21,4.35,-0.26
200704,3.74,6.27,4.41,5.4,4.91,2.01,2.24,6.85,3.93,3.39
200705,2.81,3.43,4.85,7.2,3.9,6.81,2.52,1.13,1.21,3.37
200706,-0.86,2.13,-0.59,1.05,0.63,-1.72,-1.94,-3.39,-4.77,-2.68
200707,-4.26,-5.89,-0.09,-1.01,-1.24,-3.11,-5.35,-4.03,-3.81,-5.45
200708,1.83,-1.77,0.75,0.31,2.7,-0.87,1.41,2.32,1.94,0.89
200709,3.76,1.61,5.41,7.81,4.21,2.11,-0.71,3.59,3.58,2.69
200710,2.2,1.05,0.97,2.75,6.85,-2.13,1.08,1.44,6.7,-0.1
200711,1.04,-8.71,-2.63,-3.99,-7.38,-6.54,-3.76,0.03,-0.68,-6.3
200712,-1.11,-1.88,0.9,7.61,1.41,-0.37,-2.71,-4.06,0.9,-3.59
200801,-4.95,-5.93,-7.43,-9.33,-12.29,-7.81,-0.41,-4.54,-6.91,-2
200802,-0.22,-5.9,0.77,7.17,-3.68,-3.67,-4.84,-0.9,-3,-8.3
200803,1.18,-4.13,0.05,-2.79,0.75,-0.2,1.89,-1.79,0.89,-1.73
200804,-1.38,6.64,4.96,10.72,6.83,4.63,5.19,0.43,6.34,3.67
200805,3.67,1.76,3.33,4.38,5.41,4.85,1.06,1.64,3.58,-2.38
200806,-7.37,-19.29,-9.3,2.92,-8.94,-10.93,-8.09,-3,-0.57,-14.83
200807,1.97,-0.2,-0.21,-15.68,-0.82,-2.95,1.16,6.78,-7.22,4.34
200808,1.83,2.48,1.52,-0.16,2.37,3.9,5.39,1.81,-0.49,0.21
200809,-2.98,-9.18,-13.33,-12.45,-12.55,-12.77,-5.77,-5.94,-12.1,-6.82
200810,-12.25,-32.62,-20.74,-17.22,-18.23,-16.22,-15.11,-10.95,-11.06,-20.07
200811,-6.73,-11.43,-7.8,-0.44,-11.2,-2.31,-7.67,-7.35,1.09,-12.16
200812,0.4,1.31,1.42,-3.12,2.32,3.56,4.92,6.75,-2.07,1.42
200901,-3.75,-12.47,-9.21,-3.1,-3.11,-9.95,-7.61,-2.18,-0.8,-18.28
200902,-7.69,-12.81,-13.49,-11.94,-4.94,-7.06,-3.09,-9.92,-12.64,-14.02
200903,6.39,12.84,7.59,3.77,11.28,7.63,9.95,7.06,2.8,12.94
200904,4.82,42.64,17.52,5.21,12.37,10.34,9.56,-0.94,2.14,16.43
200905,6.72,-2.81,5.4,10.78,3.2,1.52,-0.89,6.26,4.67,7.71
200906,0.36,3.72,-1.7,-4.83,4.36,1.53,-0.31,3.54,4.67,-1.92
200907,7.41,18.44,11.42,5.32,8.26,5.51,6.76,5.54,4.36,8.99
200908,0.84,2.66,2.95,0.74,2.38,0.82,3.7,2.2,0.22,8.04
200909,4.36,3.09,6.46,5.2,5.25,6.56,2.39,2.41,2.34,3.26
200910,-0.78,-0.24,-2.7,2.24,-1.38,-3.42,0.07,-3.67,-2.73,-5.24
200911,3.86,9.47,7.61,3.18,4.97,6.67,5.05,8.23,4.52,5.84
200912,2.67,5.08,2.81,-0.54,5.91,6.26,1.98,2.46,5.87,1.27
201001,-2.28,-0.86,-3.26,-4.72,-7.82,-6.7,-1.84,0.01,-4.49,-1.66
201002,2.8,7.31,5.19,2.42,4.76,2.85,4.3,0.38,-0.42,3.39
201003,6.02,9.29,6.53,3.18,6.68,7.6,6.25,3.62,3.11,8.43
201004,-1.01,7.21,3.25,3.61,2.16,3.59,2.57,-2.22,2.87,2.17
201005,-5.66,-8.69,-8.3,-10.69,-7.65,-5.81,-5.33,-8,-6.3,-8.82
201006,-1.98,-10.3,-5.74,-6.4,-6.13,-3.98,-9.02,-1.62,-0.71,-7.64
201007,7.39,15.03,9.6,7.75,7.53,9.58,4.63,2.16,6.8,7.49
201008,-1.28,-9.47,-5.5,-3.37,-6.43,-2.13,-3.92,-1.65,0.42,-7.5
201009,6.21,13.64,10.12,9.65,12.44,7.97,12.09,9.01,3.65,8.84
201010,4.32,8.41,5.14,4.39,6.38,4.51,2.44,2.02,1.87,2.59
201011,0.13,7.29,1.48,5.6,-0.82,-1.89,4.19,-3.32,-1.3,0.52
201012,4.38,8.55,7.02,9.38,6.05,6.57,3.27,5.42,3.23,9.71
201101,-2.27,0.49,2.84,6.94,3.95,0.03,-0.87,-0.7,2.24,1.94
201102,4.88,-1.39,3.44,7.66,2.29,7.47,2.29,3.34,2.44,2.67
201103,2.78,1.74,1.85,1.92,-1.54,1.6,1.11,2.3,0.92,-0.86
201104,4.48,2.23,3,1.31,3.12,3.35,4.54,6.38,4,1.11
201105,1.8,-3.53,-2.14,-4.55,-1.68,0.91,0.84,1.97,1.31,-2.38
201106,-0.93,-1.22,-0.58,-2.48,-2.38,-1.34,-0.88,-1.83,-0.33,-2.04
201107,-0.4,-8.9,-4.69,0.57,-0.31,-4.87,-0.67,-3.64,-0.34,-3.71
201108,-0.79,-11.99,-6.08,-10.11,-6.89,-5.22,-2.87,-3.08,0.15,-7.58
201109,-4.93,-14.1,-11.02,-12.44,-4.86,-5.79,-3.88,-3.95,-1.62,-10.29
201110,6.57,23.21,14.08,16.4,11.93,7.58,9.79,5.55,6.69,13.27
201111,1.39,-8,1.41,1.73,-1.95,0.29,1.11,1.29,1,-1.58
201112,1.88,-1.15,-0.79,-0.55,-1.44,3.18,0.88,3.54,2.96,1.11
201201,0.54,13.52,6.75,1.4,8.16,2.44,4.05,3.39,-2.7,6.78
201202,3.67,6.03,3.84,6.55,6.72,4.78,3.2,1.24,1.27,3.9
201203,4.01,0.93,0.71,-3.24,4.71,2.5,4.62,3.97,1.45,4.77
201204,0.76,-6.97,-0.67,-1.67,-2.03,1.73,1.01,0.62,1.75,-1.66
201205,-2.56,-8.14,-7.78,-10.71,-7.84,-1.07,-3.08,-3.27,-0.92,-7.17
201206,3.28,-5.5,1.23,5.86,2.87,7.09,2.12,6.81,3.41,4.77
201207,1.46,0.31,0.89,2.8,-0.52,4.05,1.25,1.66,3.74,-0.96
201208,0.23,4.12,3.32,2.42,4.57,0.97,2.73,0.98,-3.33,2.8
201209,1.05,3.59,1.64,3.55,1.58,4.72,1.95,4.72,2.18,3.83
201210,-1.7,5.92,-0.65,-1.79,-6.33,-2.02,-1.01,-1.87,1.06,0.69
201211,3.19,3.12,2.65,-1.51,1.9,0.06,1.44,1.52,-3.67,-0.02
201212,-2.21,7.31,2.8,1.29,0.31,1.24,-1.1,-0.51,0.15,3.45
201301,5.21,3.55,6.04,7.71,2.51,4.71,5.55,8.09,5.09,6.89
201302,3.25,0.03,1.3,0.43,0.56,2.2,0.84,1.37,2.17,1.79
201303,5.01,4.03,2.62,2.08,2.63,5.55,4.74,6.53,5.65,4.02
201304,3.74,3.58,0.84,-1.34,0.54,4.38,2.69,2.59,5.06,0.89
201305,-2.29,9.91,3.39,3.04,4.33,-1.87,2.24,1.64,-6.98,5.97
201306,-0.01,-0.48,-1.99,-2.36,-2.84,1.95,-0.02,-1.35,0.8,-1.15
201307,3.03,8.99,6.05,5.03,5.98,3.73,5.91,7.9,4.59,5.31
201308,-3.94,-1.1,-1.85,-1.86,-0.05,-3.28,-4.24,-3.79,-4.4,-3.65
201309,1.94,6.45,5.28,1.92,3.89,4.12,4.49,4.04,1.05,3.81
201310,4.61,0.9,4.57,4.79,3.89,5.62,5.1,3.84,3.35,3.76
201311,1.29,1.98,2.99,0.94,3.53,0.47,3.67,4.51,-1.79,4.48
201312,2.5,1.14,3.05,2.98,4.18,3.72,0.27,0.65,1.8,3.07
201401,-5.71,-3.61,-4.32,-7.03,-1.15,-3.94,-6.47,1.65,2.5,-4.35
201402,3.55,7.93,5.4,5.71,5.23,2.78,5.31,6.49,3.08,3.44
201403,3.14,-1,0.3,2.45,-0.87,0.05,-0.58,-2.55,2.69,2.31
201404,1.22,0.28,0.8,5.68,-1.18,0.23,-0.9,-0.29,3.98,-1.54
201405,3.37,0.65,1.35,0.88,3.43,4.06,0.95,1.9,0.01,1.77
201406,1.26,4.39,1.42,4.16,3.01,1.6,1.27,2.87,5.43,2.09
201407,-4.37,-4.62,-4.17,-3.57,0.35,0.5,-2.28,-0.32,-6.46,-2.11
201408,5.65,5.21,4.79,2.28,4.22,0.5,5.16,5.45,5.39,4.43
201409,-0.09,-9.41,-2.38,-8.01,-1.34,-1.67,-1.43,-0.07,-3.4,-1.01
201410,2.64,3.87,2.37,-4.43,1.32,1.42,3.03,5.78,6.7,3.3
201411,4.81,4.75,2.25,-9.86,4.24,3.1,7.45,2.68,0.3,2.8
201412,-2.39,0.59,-0.16,0.43,-1.32,-1.82,1.6,-0.87,1.85,1.07
201501,-0.63,-4.18,-3.83,-4.38,-3.31,-4.77,-0.31,1.57,1.19,-6.07
201502,5.02,8.09,6.24,4.83,8.16,9.09,5.56,4.33,-4.36,6.84
201503,-2.39,-0.39,-2,-2.63,-2.45,-2.25,0.71,0.87,-0.27,-0.79
201504,0.71,-0.92,-0.64,6.95,1.44,3.35,-2.17,-1.37,0.31,0.49
201505,1.5,1.04,1,-5.06,1.93,0.76,0.92,4.9,-0.5,1.68
201506,-1.32,-1.48,-1.86,-3.83,-3.46,-0.45,-0.59,0.09,-5.36,-0.32
201507,4.79,-2.28,-2.1,-8.98,2.49,1.45,4.78,3.68,2.63,2.03
